scenario,model,final_loss,mae,l2,pde_residual,kz_err,time_s
DE_Dir_FWD,classical,2.0866098111582687e-06,0.00023096997980760444,0.00046431592427761904,0.0010579220252111554,nan,34.649876832962036
DE_Dir_FWD,hybrid,3.421796009206446e-06,0.0004262517182331168,0.0008401589468916153,0.0011903987033292651,nan,7466.353887557983
DE_Neum_FWD,classical,8.55204973504442e-07,0.00016646056914560757,0.00035258613067571905,0.0006466592312790453,nan,40.22757411003113
DE_Neum_FWD,hybrid,1.6333608073182404e-05,0.0013104977175767572,0.002777716640104456,0.0024790670722723007,nan,7586.765629529953
DE_Rob_FWD,classical,1.7488117691755178e-06,8.964219614308446e-05,7.382564851994129e-05,0.0002871126926038414,nan,134.71341705322266
DE_Rob_FWD,hybrid,4.481744326767512e-05,0.000487866655898866,0.0004082351347052286,0.0014170585200190544,nan,20290.347136497498
DE_Dir_INV,classical,3.1534957277596164e-06,0.0002871152301793148,0.0005723845263116125,0.0011966085388652858,8.160407493448818e-06,41.066465854644775
DE_Dir_INV,hybrid,5.198357502536995e-06,0.0006759694772809027,0.001327430797820709,0.0014838988740250947,2.3661394030267957e-05,14708.873257637024
DE_Neum_INV,classical,1.4336012602667394e-06,0.0002488169832556533,0.0005022093609842861,0.0008270559071851938,2.5559627656893125e-05,571.2713115215302
DE_Neum_INV,hybrid,1.1691085915079725e-05,0.00104749277107666,0.0020850344474801306,0.0023493852707803017,8.979365951507917e-05,20759.33048224449
DE_Rob_INV,classical,1.9233922754246067e-06,8.661485486391835e-05,7.59648995012055e-05,0.0002586666354158508,6.4553689060886654e-09,2149.866710662842
DE_Rob_INV,hybrid,3.635748318740804e-05,0.0002720031915177165,0.00023958962981866373,0.0012709815350395066,9.4908657510967e-06,51607.55572485924
