n_qubits,seed,forward_mean,forward_std
2,0,0.0037037395500000513,8.241315696063532e-05
2,1,0.003694324949998773,8.183312174503174e-05
2,2,0.0036670728999997236,7.046903662233931e-05
4,0,0.01156700215000015,0.00019035391562329857
4,1,0.011592306300000032,0.00018820456191218467
4,2,0.011451212500000096,0.0001476344800117502
6,0,0.03824981870000101,0.000781074109888709
6,1,0.038583847899999316,0.00029814802388337193
6,2,0.038508227200000175,0.000463521059655203
8,0,0.2251479688500016,0.003112423968292367
8,1,0.2254100812499999,0.004088235216638979
8,2,0.23154513965000056,0.0226308399267573
10,0,1.6325696062000024,0.02311814581079108
10,1,1.630479854200002,0.028932369337474378
10,2,1.625825629149999,0.006739274246325976
12,0,7.663735566749999,0.10683485311865795
12,1,7.668028898000003,0.0972387221872019
12,2,7.66817149594998,0.0665768926445812
