batch,seed,default_qubit_mean,default_qubit_std,lightning_qubit_mean,lightning_qubit_std
100,0,0.005453299900005959,0.0001115725043376974,0.01994683339999028,8.43090635521736e-05
100,1,0.0053144562999989375,0.00015420575628317636,0.019911741800001437,0.00011118523608039093
100,2,0.0053888603000132205,0.0001757351845416712,0.019771258400010084,0.00015162558693036725
500,0,0.006954339650002339,0.0015012704593915093,0.1049639332000197,0.01703532470929839
500,1,0.006795360549995166,0.0008217949262842971,0.10471202500000346,0.01731221534551583
500,2,0.0067366916500304795,0.0007196690571126609,0.10443815000000996,0.017163492719274403
1000,0,0.008046385500000497,0.0006340941823235153,0.2223784415999944,0.01918283623300194
1000,1,0.007966887399999224,0.00014676758746807713,0.2101429918000349,0.02269093345711586
1000,2,0.00789762925001014,0.00012194269693218501,0.20970214160001888,0.021807424667321464
2540,0,0.011727902000001223,0.00013781432727976394,0.5212455747999911,0.0177450276205254
2540,1,0.011713787449991742,0.0002565283181426045,0.5290360169999758,0.004098255635800196
2540,2,0.011746143900001015,0.0003035449307257428,0.5687319249999974,0.04652172148421767
5000,0,0.01672680414999377,0.0001909626592279491,1.0329719750000321,0.026095948632686133
5000,1,0.017101318650020403,0.000254292065123911,1.0292354665999937,0.025562159281247717
5000,2,0.01694448545002274,0.000301788967174798,1.0497724252000353,0.057329099875632866
