scenario,config,n,mae_mean,mae_std,l2_mean,l2_std,pde_mean,pde_std,time_mean,time_std,kz_err_mean,kz_err_std,qgrad_initial_mean,qgrad_initial_std,qgrad_final_mean,qgrad_final_std
DE_Dir_FWD,classical,3,0.0001838452474447258,3.500787695397471e-05,0.0003687424399533616,7.058942211694377e-05,0.000818084964218239,0.0001901744397964224,31.959875106811523,18.87449455130911,,,0.0,0.0,0.0,0.0
DE_Dir_FWD,baseline,3,0.0005197411414691219,0.00013098762494224351,0.0010504123367396454,0.0002652006566170905,0.0017629530436048906,0.0004302236646309237,2654.5623590946198,5.713985982469725,,,0.018730833732296663,0.01086977777454702,1.561039646528823e-05,7.966375280078651e-06
DE_Dir_FWD,narrow,3,0.001522168151187487,0.0005221029440812225,0.0032805689161381816,0.0011920549688979477,0.003412099787965417,0.0011321550814538854,968.057427406311,2.8777417969641452,,,0.019450803234526474,0.0019014599308994264,1.9324040817486496e-05,8.78299923433058e-06
DE_Dir_FWD,wide,3,0.000445979863024941,8.863645189057236e-05,0.0008978966998159783,0.00018556522599935126,0.0013213826653858025,0.00011984429079089382,7398.129732608795,22.977664644348454,,,0.017429999702522764,0.005774547637517051,9.446643061690136e-06,4.0284351076443335e-06
DE_Dir_FWD,deep,3,0.0006634195710566651,0.00022894503203619492,0.0013653965689122878,0.000439326896179011,0.001973110600374639,0.00047231939652604514,4430.5440554618835,40.96012240715042,,,0.041434413795970605,0.00381623538560639,2.2107842158624812e-05,6.88636544938766e-06
DE_Rob_INV,classical,3,6.44073319655495e-05,1.5905613595968124e-05,5.522423314116882e-05,1.4873025055597945e-05,0.0002355376188789873,1.6680327484482697e-05,151.34428461392721,6.092509087227001,2.5319809430351947e-07,2.8455261016530196e-07,0.0,0.0,0.0,0.0
DE_Rob_INV,baseline,3,0.0006271706548276265,0.00033495626932003375,0.000550456035294583,0.0003118421940736349,0.0014023409862101547,0.0003451937483666528,8330.829432884851,4.875437444316945,2.990720260435259e-05,2.2540738225372438e-05,1.247884927847898,0.584389625273879,0.006532997264991233,0.002375575303443893
DE_Rob_INV,narrow,3,0.0017682402697153713,0.00092071649183136,0.0014137716282285131,0.0007230340531506266,0.0036028181873440555,0.0017973059307708151,3173.1802790164948,3.5121512228968323,9.629713959287411e-05,6.116814721296963e-05,3.414069476980794,2.018974195792347,0.03263522641445282,0.027858111108179102
DE_Rob_INV,wide,3,0.00041346012729701846,0.00012689516868667807,0.0003522328035593164,0.00010377886719398898,0.0013818081576726022,0.0001402236649994707,22011.629725376766,95.83168406308201,7.753426791164142e-06,1.8580109761827324e-06,0.8662398114561317,0.18894781341703076,0.005747711789663299,0.0016224911583298735
DE_Rob_INV,deep,3,0.0005079680676096588,0.00010162036492758921,0.0004402111115388159,8.623085095702473e-05,0.0010961434869389496,0.0001632856445903425,13929.525817712149,33.400762717991505,2.3386178116225714e-05,6.296250659093374e-06,1.4648445485099606,0.10092095415317688,0.005952478177100298,0.0007418795190221416
