scenario,config,seed,mae,l2,pde,kz_err,time,qgrad_initial,qgrad_final
DE_Dir_FWD,classical,0,0.00023096997980760444,0.00046431592427761904,0.0010579220252111554,,55.12335562705994,0.0,0.0
DE_Dir_FWD,classical,1,0.00017342715275440532,0.0003459273135338473,0.0008035614737309515,,8.890763759613037,0.0,0.0
DE_Dir_FWD,classical,2,0.00014713860977216752,0.0002959840820486184,0.00059277139371261,,31.865505933761597,0.0,0.0
DE_Dir_FWD,baseline,0,0.00034005352514912746,0.000689566774619223,0.0011559610720723867,,2662.3224256038666,0.010653936989188272,1.0173160337823599e-05
DE_Dir_FWD,baseline,1,0.0006485837603538531,0.001319378568312592,0.0020302666816860437,,2648.7302808761597,0.03409628115712743,2.6874308562886048e-05
DE_Dir_FWD,baseline,2,0.0005705861389043853,0.001142291667287121,0.002102631377056241,,2652.634370803833,0.011442283050574285,9.783720495155043e-06
DE_Dir_FWD,narrow,0,0.0008057696762530022,0.001648420137893727,0.002219007583335042,,970.1645078659058,0.019330524296946046,1.1279274032858666e-05
DE_Dir_FWD,narrow,1,0.0017255541296583553,0.0037311842137497703,0.0030839508399367332,,963.9885504245758,0.01718447015112421,1.5150516153880744e-05
DE_Dir_FWD,narrow,2,0.0020351806476511035,0.004462102396771047,0.0049333409406244755,,970.0192239284515,0.02183741525550916,3.154233226572008e-05
DE_Dir_FWD,wide,0,0.0004262517182331168,0.0008401589468916153,0.0011903987033292651,,7426.310457229614,0.013800223275388513,7.317039639322805e-06
DE_Dir_FWD,wide,1,0.00034863977909783907,0.0007050643278249331,0.0012937275459989905,,7398.0516748428345,0.012909539232418561,5.93530818484093e-06
DE_Dir_FWD,wide,2,0.0005630480917438672,0.0011484668247313866,0.001480021746829152,,7370.027065753937,0.025580236599761216,1.5087581360906674e-05
DE_Dir_FWD,deep,0,0.0009859971562367164,0.001984693788352279,0.0026401246432214975,,4447.237685203552,0.04634587269439362,3.0172367971924055e-05
DE_Dir_FWD,deep,1,0.0005262454564789307,0.001098938213357404,0.0016703869914636016,,4470.234616518021,0.04091612012488379,2.2803751330987627e-05
DE_Dir_FWD,deep,2,0.000478016100454348,0.0010125577050271806,0.001608820166438818,,4374.159864664078,0.03704124856863442,1.3347407172962752e-05
DE_Rob_INV,classical,0,8.661485486391835e-05,7.59648995012055e-05,0.0002586666354158508,6.4553689060886654e-09,145.25089359283447,0.0,0.0
DE_Rob_INV,classical,1,5.640232201256263e-05,4.7883566718881135e-05,0.00022799012853589568,6.518761996102129e-07,159.66648387908936,0.0,0.0
DE_Rob_INV,classical,2,5.0204819020167525e-05,4.18242332034198e-05,0.0002199560926852154,1.0126271439425683e-07,149.1154763698578,0.0,0.0
DE_Rob_INV,baseline,0,0.0002896304724214235,0.0002460017329903341,0.0010512653589685832,3.625100140479398e-06,8332.42505812645,0.4214982410680677,0.0033196425590685977
DE_Rob_INV,baseline,1,0.0005081152390285118,0.0004263699323974081,0.0012841144149323745,2.7425653630945568e-05,8324.222548007965,1.6700579219218925,0.007290674804087758
DE_Rob_INV,baseline,2,0.0010837662530329443,0.0009789964404960066,0.0018716431847295065,5.86708540416328e-05,8335.840692520142,1.6520986205537338,0.008988674431817344
DE_Rob_INV,narrow,0,0.002339865323287538,0.0018616473620618273,0.005990765014878229,0.00013871456443783486,3168.415185689926,6.267300738513004,0.07179280688188737
DE_Rob_INV,narrow,1,0.00046925851417634485,0.00039376664209037543,0.0016546926835924445,9.797655216442491e-06,3174.349061489105,2.080667209390318,0.009298185161209404
DE_Rob_INV,narrow,2,0.002495596971682231,0.0019859008805333373,0.003162996863561492,0.000140379199124345,3176.776589870453,1.8942404830390587,0.016814687200261687
DE_Rob_INV,wide,0,0.0002720031915177165,0.00023958962981866373,0.0012709815350395066,9.4908657510967e-06,21876.1818087101,0.5996420350804692,0.00408670048001477
DE_Rob_INV,wide,1,0.000388553731021039,0.00032707607140349763,0.0015796367389767174,8.59183547768233e-06,22075.358197689056,0.983850056736439,0.0052072698122992735
DE_Rob_INV,wide,2,0.0005798234593522997,0.0004900327094557877,0.0012948061990015823,5.177579144713396e-06,22083.34916973114,1.0152273425514868,0.007949165076675854
DE_Rob_INV,deep,0,0.0006467814575474142,0.0005405903549255539,0.0013093151475257244,3.212996593542766e-05,13900.807405233383,1.5575223555128324,0.006238803629043104
DE_Rob_INV,deep,1,0.00040634057295306205,0.00033004945379539743,0.0010664451389553187,2.047160691377725e-05,13911.406476974487,1.5125039245014777,0.006683438516145543
DE_Rob_INV,deep,2,0.00047078217232850026,0.0004499935258954965,0.0009126701743358056,1.7556961499472223e-05,13976.363570928574,1.324507365515572,0.004935192386112249
