section,case,kind,backend,n_qubits,n_layers,batch,n_params,stage,n_seeds,reps_per_seed,mean_ms,std_across_seeds_ms,median_ms,cv_within_seed_pct
backend,baseline|default.qubit,circuit,default.qubit,4,2,2540,32,circuit_forward,3,20,14.345122,0.353879,14.104500,8.948
backend,baseline|lightning.qubit,circuit,lightning.qubit,4,2,2540,32,circuit_forward,3,10,1497.637293,11.369363,1492.772800,3.710
backend,batch1000|default.qubit,circuit,default.qubit,4,2,1000,32,circuit_forward,3,20,12.301217,0.183034,12.326000,6.768
backend,batch1000|lightning.qubit,circuit,lightning.qubit,4,2,1000,32,circuit_forward,3,10,580.139713,4.458324,574.281800,3.700
backend,batch100|default.qubit,circuit,default.qubit,4,2,100,32,circuit_forward,3,20,8.377747,0.050074,8.761950,9.462
backend,batch100|lightning.qubit,circuit,lightning.qubit,4,2,100,32,circuit_forward,3,10,88.762077,1.339067,83.894300,10.105
backend,batch2540|default.qubit,circuit,default.qubit,4,2,2540,32,circuit_forward,3,20,14.264320,0.167102,14.136400,7.022
backend,batch2540|lightning.qubit,circuit,lightning.qubit,4,2,2540,32,circuit_forward,3,10,1489.857247,15.587895,1473.835700,3.010
backend,batch5000|default.qubit,circuit,default.qubit,4,2,5000,32,circuit_forward,3,20,17.176235,0.447838,16.667850,8.552
backend,batch5000|lightning.qubit,circuit,lightning.qubit,4,2,5000,32,circuit_forward,3,6,2840.380044,8.436280,2837.498100,0.770
backend,batch500|default.qubit,circuit,default.qubit,4,2,500,32,circuit_forward,3,20,10.271168,0.118522,10.675450,9.108
backend,batch500|lightning.qubit,circuit,lightning.qubit,4,2,500,32,circuit_forward,3,10,309.186837,4.986044,306.513350,3.924
backend,deep|default.qubit,circuit,default.qubit,4,4,2540,64,circuit_forward,3,20,23.137448,0.174288,23.169750,4.426
backend,deep|lightning.qubit,circuit,lightning.qubit,4,4,2540,64,circuit_forward,3,7,2608.064957,8.519641,2588.063900,2.350
backend,narrow|default.qubit,circuit,default.qubit,2,2,2540,16,circuit_forward,3,20,6.383617,0.048872,6.432400,8.551
backend,narrow|lightning.qubit,circuit,lightning.qubit,2,2,2540,16,circuit_forward,3,10,761.950980,0.855373,755.427600,2.938
backend,wide|default.qubit,circuit,default.qubit,6,2,2540,48,circuit_forward,3,20,28.398632,0.321130,28.144450,5.736
backend,wide|lightning.qubit,circuit,lightning.qubit,6,2,2540,48,circuit_forward,3,8,2174.895783,9.164514,2146.533900,3.214
batch_sweep,b100,hybrid,default.qubit,4,2,100,2569,first_grad,3,20,16.613552,0.310267,16.688800,8.281
batch_sweep,b100,hybrid,default.qubit,4,2,100,2569,forward,3,20,12.068288,0.458886,11.319900,15.455
batch_sweep,b100,hybrid,default.qubit,4,2,100,2569,param_grad,3,20,50.353593,0.391666,50.822650,6.542
batch_sweep,b100,hybrid,default.qubit,4,2,100,2569,second_grad,3,20,26.619392,0.196439,26.898950,6.821
batch_sweep,b1000,hybrid,default.qubit,4,2,1000,2569,first_grad,3,20,24.896158,0.265499,24.659300,5.145
batch_sweep,b1000,hybrid,default.qubit,4,2,1000,2569,forward,3,20,14.762792,0.217443,14.715600,6.456
batch_sweep,b1000,hybrid,default.qubit,4,2,1000,2569,param_grad,3,20,92.413898,0.774251,92.327250,3.218
batch_sweep,b1000,hybrid,default.qubit,4,2,1000,2569,second_grad,3,20,46.974588,0.515357,47.129500,6.447
batch_sweep,b2540,hybrid,default.qubit,4,2,2540,2569,first_grad,3,20,33.483020,1.075284,33.150750,8.227
batch_sweep,b2540,hybrid,default.qubit,4,2,2540,2569,forward,3,20,16.655815,0.517997,16.642750,7.370
batch_sweep,b2540,hybrid,default.qubit,4,2,2540,2569,param_grad,3,20,130.611585,1.079222,130.217550,3.693
batch_sweep,b2540,hybrid,default.qubit,4,2,2540,2569,second_grad,3,20,64.686853,1.201328,64.918350,4.803
batch_sweep,b500,hybrid,default.qubit,4,2,500,2569,first_grad,3,20,21.878688,0.299898,21.792750,7.739
batch_sweep,b500,hybrid,default.qubit,4,2,500,2569,forward,3,20,13.801627,0.449112,13.320150,12.431
batch_sweep,b500,hybrid,default.qubit,4,2,500,2569,param_grad,3,20,71.726040,0.565566,72.275700,3.468
batch_sweep,b500,hybrid,default.qubit,4,2,500,2569,second_grad,3,20,36.872207,0.471808,36.724400,6.138
batch_sweep,b5000,hybrid,default.qubit,4,2,5000,2569,first_grad,3,20,44.146878,0.804156,44.260150,7.985
batch_sweep,b5000,hybrid,default.qubit,4,2,5000,2569,forward,3,20,19.816327,0.165064,19.708250,6.832
batch_sweep,b5000,hybrid,default.qubit,4,2,5000,2569,param_grad,3,20,190.426783,0.631407,190.813950,2.745
batch_sweep,b5000,hybrid,default.qubit,4,2,5000,2569,second_grad,3,20,84.957062,0.135802,85.267250,3.959
drift_check,baseline,hybrid,default.qubit,4,2,2540,2569,first_grad,3,20,33.125663,0.890818,32.989100,9.647
drift_check,baseline,hybrid,default.qubit,4,2,2540,2569,forward,3,20,16.420547,0.188737,16.425950,5.278
drift_check,baseline,hybrid,default.qubit,4,2,2540,2569,param_grad,3,20,128.617167,0.638602,128.988900,3.123
drift_check,baseline,hybrid,default.qubit,4,2,2540,2569,second_grad,3,20,62.443452,0.582992,62.375150,5.160
drift_check,classical,classical,default.qubit,,,2540,4353,first_grad,3,20,0.895443,0.042694,0.853100,18.769
drift_check,classical,classical,default.qubit,,,2540,4353,forward,3,20,0.544180,0.006102,0.527550,10.147
drift_check,classical,classical,default.qubit,,,2540,4353,param_grad,3,20,4.383842,0.059782,4.300100,14.437
drift_check,classical,classical,default.qubit,,,2540,4353,second_grad,3,20,1.875760,0.064147,1.755750,26.814
drift_check,wide,hybrid,default.qubit,6,2,2540,2717,first_grad,3,20,81.283918,0.690540,80.339800,4.737
drift_check,wide,hybrid,default.qubit,6,2,2540,2717,forward,3,20,30.593938,0.349132,30.897200,4.891
drift_check,wide,hybrid,default.qubit,6,2,2540,2717,param_grad,3,20,393.971522,0.708784,394.449250,2.435
drift_check,wide,hybrid,default.qubit,6,2,2540,2717,second_grad,3,20,154.869533,0.344788,154.412500,2.796
layer_sweep,L1,hybrid,default.qubit,4,1,2540,2553,first_grad,3,20,19.887073,0.218207,19.952200,5.652
layer_sweep,L1,hybrid,default.qubit,4,1,2540,2553,forward,3,20,11.189317,0.281260,11.196000,5.086
layer_sweep,L1,hybrid,default.qubit,4,1,2540,2553,param_grad,3,20,89.341827,0.746818,89.532400,2.458
layer_sweep,L1,hybrid,default.qubit,4,1,2540,2553,second_grad,3,20,41.269788,0.741128,41.239550,5.308
layer_sweep,L2,hybrid,default.qubit,4,2,2540,2569,first_grad,3,20,30.882367,0.311924,30.777300,5.790
layer_sweep,L2,hybrid,default.qubit,4,2,2540,2569,forward,3,20,16.485995,0.259112,16.463900,4.851
layer_sweep,L2,hybrid,default.qubit,4,2,2540,2569,param_grad,3,20,130.027728,1.142579,129.480500,3.060
layer_sweep,L2,hybrid,default.qubit,4,2,2540,2569,second_grad,3,20,62.522060,0.349913,62.477050,5.820
layer_sweep,L4,hybrid,default.qubit,4,4,2540,2601,first_grad,3,20,51.367725,0.726381,51.216650,3.606
layer_sweep,L4,hybrid,default.qubit,4,4,2540,2601,forward,3,20,27.098223,0.391308,27.219750,3.338
layer_sweep,L4,hybrid,default.qubit,4,4,2540,2601,param_grad,3,20,212.147282,0.641994,212.893250,2.433
layer_sweep,L4,hybrid,default.qubit,4,4,2540,2601,second_grad,3,20,96.036148,0.766435,96.318050,3.728
layer_sweep,L8,hybrid,default.qubit,4,8,2540,2665,first_grad,3,20,94.873140,0.622461,93.928050,5.091
layer_sweep,L8,hybrid,default.qubit,4,8,2540,2665,forward,3,20,48.236150,0.399606,48.170250,3.613
layer_sweep,L8,hybrid,default.qubit,4,8,2540,2665,param_grad,3,20,364.599418,1.160648,364.871200,1.829
layer_sweep,L8,hybrid,default.qubit,4,8,2540,2665,second_grad,3,20,168.011973,0.412654,167.209800,2.736
main,baseline,hybrid,default.qubit,4,2,2540,2569,first_grad,3,20,30.920117,0.363264,30.882600,6.177
main,baseline,hybrid,default.qubit,4,2,2540,2569,forward,3,20,16.477915,0.063076,16.605650,4.419
main,baseline,hybrid,default.qubit,4,2,2540,2569,param_grad,3,20,128.979733,0.884937,128.587400,2.657
main,baseline,hybrid,default.qubit,4,2,2540,2569,second_grad,3,20,63.871680,0.754400,63.908400,4.853
main,classical,classical,default.qubit,,,2540,4353,first_grad,3,20,0.841165,0.016411,0.811250,11.724
main,classical,classical,default.qubit,,,2540,4353,forward,3,20,0.536975,0.010523,0.526550,7.449
main,classical,classical,default.qubit,,,2540,4353,param_grad,3,20,4.252415,0.061422,4.170950,9.567
main,classical,classical,default.qubit,,,2540,4353,second_grad,3,20,1.668892,0.048218,1.665350,9.427
main,ctrl_n2,control,default.qubit,2,0,2540,2405,first_grad,3,20,1.080698,0.014100,1.074600,9.822
main,ctrl_n2,control,default.qubit,2,0,2540,2405,forward,3,20,0.719280,0.018478,0.700450,10.728
main,ctrl_n2,control,default.qubit,2,0,2540,2405,param_grad,3,20,4.677170,0.073641,4.662550,10.247
main,ctrl_n2,control,default.qubit,2,0,2540,2405,second_grad,3,20,1.976040,0.046009,1.983400,8.843
main,ctrl_n4,control,default.qubit,4,0,2540,2537,first_grad,3,20,1.106148,0.015762,1.097950,11.067
main,ctrl_n4,control,default.qubit,4,0,2540,2537,forward,3,20,0.731085,0.025916,0.717600,9.455
main,ctrl_n4,control,default.qubit,4,0,2540,2537,param_grad,3,20,5.144595,0.663606,4.712250,29.088
main,ctrl_n4,control,default.qubit,4,0,2540,2537,second_grad,3,20,2.059905,0.025427,2.037800,12.280
main,ctrl_n6,control,default.qubit,6,0,2540,2669,first_grad,3,20,1.094620,0.018329,1.093450,7.670
main,ctrl_n6,control,default.qubit,6,0,2540,2669,forward,3,20,0.728168,0.023730,0.712300,8.212
main,ctrl_n6,control,default.qubit,6,0,2540,2669,param_grad,3,20,4.967047,0.078854,4.979900,10.429
main,ctrl_n6,control,default.qubit,6,0,2540,2669,second_grad,3,20,2.070663,0.018441,2.044500,10.310
main,deep,hybrid,default.qubit,4,4,2540,2601,first_grad,3,20,52.369378,0.396015,51.661550,6.309
main,deep,hybrid,default.qubit,4,4,2540,2601,forward,3,20,27.028395,0.145321,27.195200,3.944
main,deep,hybrid,default.qubit,4,4,2540,2601,param_grad,3,20,211.238185,0.658718,211.012050,2.532
main,deep,hybrid,default.qubit,4,4,2540,2601,second_grad,3,20,100.086548,1.305665,100.920100,4.123
main,narrow,hybrid,default.qubit,2,2,2540,2421,first_grad,3,20,11.684305,0.095302,11.848400,7.512
main,narrow,hybrid,default.qubit,2,2,2540,2421,forward,3,20,7.868972,0.026582,7.914150,5.876
main,narrow,hybrid,default.qubit,2,2,2540,2421,param_grad,3,20,43.596948,0.419004,43.503750,6.929
main,narrow,hybrid,default.qubit,2,2,2540,2421,second_grad,3,20,21.478200,0.090804,21.720900,8.083
main,wide,hybrid,default.qubit,6,2,2540,2717,first_grad,3,20,82.434495,0.753631,81.368450,5.184
main,wide,hybrid,default.qubit,6,2,2540,2717,forward,3,20,31.485880,0.386889,31.425600,4.031
main,wide,hybrid,default.qubit,6,2,2540,2717,param_grad,3,20,402.876943,1.465188,403.822200,2.387
main,wide,hybrid,default.qubit,6,2,2540,2717,second_grad,3,20,156.329170,0.298919,156.761150,2.395
qubit_sweep,q10,hybrid,default.qubit,10,2,2540,3013,forward,3,20,722.290953,3.529655,723.239100,1.617
qubit_sweep,q12,hybrid,default.qubit,12,2,2540,3161,forward,3,6,3295.467222,8.824724,3294.335950,0.428
qubit_sweep,q2,hybrid,default.qubit,2,2,2540,2421,first_grad,3,20,12.066247,0.198334,11.824150,12.408
qubit_sweep,q2,hybrid,default.qubit,2,2,2540,2421,forward,3,20,7.814362,0.030302,7.861000,7.462
qubit_sweep,q2,hybrid,default.qubit,2,2,2540,2421,param_grad,3,20,43.717442,0.285204,43.598850,6.343
qubit_sweep,q2,hybrid,default.qubit,2,2,2540,2421,second_grad,3,20,21.889837,0.747365,21.333950,13.047
qubit_sweep,q4,hybrid,default.qubit,4,2,2540,2569,first_grad,3,20,31.239662,0.492990,31.055250,7.207
qubit_sweep,q4,hybrid,default.qubit,4,2,2540,2569,forward,3,20,16.459075,0.176670,16.607900,5.415
qubit_sweep,q4,hybrid,default.qubit,4,2,2540,2569,param_grad,3,20,129.242883,0.073671,128.436700,3.209
qubit_sweep,q4,hybrid,default.qubit,4,2,2540,2569,second_grad,3,20,63.376722,0.794410,63.714400,5.018
qubit_sweep,q6,hybrid,default.qubit,6,2,2540,2717,first_grad,3,20,80.203850,0.693711,79.436950,6.338
qubit_sweep,q6,hybrid,default.qubit,6,2,2540,2717,forward,3,20,31.768193,0.376584,31.557700,4.879
qubit_sweep,q6,hybrid,default.qubit,6,2,2540,2717,param_grad,3,20,399.976005,1.580089,400.124650,2.023
qubit_sweep,q6,hybrid,default.qubit,6,2,2540,2717,second_grad,3,20,153.858052,0.949136,154.369000,3.299
qubit_sweep,q8,hybrid,default.qubit,8,2,2540,2865,first_grad,3,5,348.185367,3.569518,349.851200,2.778
qubit_sweep,q8,hybrid,default.qubit,8,2,2540,2865,forward,3,5,133.915873,1.532118,135.312800,3.972
qubit_sweep,q8,hybrid,default.qubit,8,2,2540,2865,param_grad,3,5,2390.430553,8.820989,2370.018100,3.117
qubit_sweep,q8,hybrid,default.qubit,8,2,2540,2865,second_grad,3,5,825.546367,10.940911,821.823500,3.462
