n_layers,seed,forward_mean,forward_std,first_grad_mean,first_grad_std,second_grad_mean,second_grad_std,param_grad_mean,param_grad_std
1,0,0.007764297950000043,0.00016651289713215777,0.017404058300000004,0.0005223661224457951,0.03525189579999999,0.0003488352169733843,0.09572050824999992,0.00075566421175361
1,1,0.007932468750000199,0.0003450579773697387,0.017151772950000144,0.00015714318136795456,0.03523618110000006,0.000588442188279192,0.09739592484999995,0.005772630633928869
1,2,0.007882973050000252,0.00020535261521572793,0.017301343799999903,0.00036062185326680865,0.03513687904999978,0.0004786916608600787,0.09541406660000007,0.0005851964355105334
2,0,0.012403931200000162,0.0005011972954053956,0.027055612649999894,0.0004974414583944115,0.054931152150000176,0.005141257717552373,0.15366860609999966,0.006532950191652525
2,1,0.012756941749999662,0.0006832568378813227,0.027568954299999858,0.0013549480255979794,0.05646029350000035,0.009367976429842969,0.16445713759999983,0.037302640611805965
2,2,0.012182118599999825,0.00013817017245310154,0.027023324850000384,0.0003038078423143373,0.05362354375000002,0.0005895692165599333,0.15477510210000017,0.008505686910658831
4,0,0.042289431199999686,0.08262802572065832,0.046711656350001365,0.0005344415237672978,0.08999351454999882,0.0006697534976133593,0.2637096020000008,0.006409583402875275
4,1,0.020886647949999216,0.0003420589887326595,0.059711024999998585,0.05112484968090372,0.09338449804999982,0.009572601500315121,0.2642998270999996,0.00654603331452922
4,2,0.020820768800000167,0.00035175149734744516,0.046405631149999495,0.0003652692892789447,0.09003162920000066,0.0010022354860614799,0.2639102166499988,0.004739236310551748
8,0,0.03914241045000004,0.003337188967697665,0.08575975825000022,0.0008163462768380341,0.162833876949999,0.001028661143281665,0.4884519166500006,0.006338355440090462
8,1,0.03894021869999946,0.0011515567958788752,0.0855736417999978,0.0008657964805838826,0.16315381249999988,0.001565017060457687,0.5074431396000001,0.061517111756530914
8,2,0.03855845414999877,0.0004195036551922178,0.08821028750000011,0.008244597960675691,0.1628128293500005,0.002087301909290286,0.4880489957999984,0.007774829540931243
