section,case,kind,backend,n_qubits,n_layers,batch,n_params,seed,stage,rep,seconds
backend,wide|lightning.qubit,circuit,lightning.qubit,6,2,2540,48,1,circuit_forward,0,2.139023200
backend,deep|lightning.qubit,circuit,lightning.qubit,4,4,2540,64,0,circuit_forward,0,2.595586000
backend,batch100|default.qubit,circuit,default.qubit,4,2,100,32,2,circuit_forward,0,0.007153800
backend,batch2540|default.qubit,circuit,default.qubit,4,2,2540,32,2,circuit_forward,0,0.017669200
backend,batch1000|lightning.qubit,circuit,lightning.qubit,4,2,1000,32,1,circuit_forward,0,0.571355700
backend,batch2540|default.qubit,circuit,default.qubit,4,2,2540,32,0,circuit_forward,0,0.017870100
backend,batch500|default.qubit,circuit,default.qubit,4,2,500,32,0,circuit_forward,0,0.011012300
backend,wide|default.qubit,circuit,default.qubit,6,2,2540,48,2,circuit_forward,0,0.027893600
backend,baseline|default.qubit,circuit,default.qubit,4,2,2540,32,0,circuit_forward,0,0.013081400
backend,batch1000|lightning.qubit,circuit,lightning.qubit,4,2,1000,32,2,circuit_forward,0,0.593288300
backend,batch5000|lightning.qubit,circuit,lightning.qubit,4,2,5000,32,1,circuit_forward,0,2.837498100
backend,narrow|default.qubit,circuit,default.qubit,2,2,2540,16,0,circuit_forward,0,0.006050400
backend,batch100|default.qubit,circuit,default.qubit,4,2,100,32,0,circuit_forward,0,0.008975500
backend,batch1000|default.qubit,circuit,default.qubit,4,2,1000,32,2,circuit_forward,0,0.011811400
backend,wide|default.qubit,circuit,default.qubit,6,2,2540,48,1,circuit_forward,0,0.027317800
backend,batch500|lightning.qubit,circuit,lightning.qubit,4,2,500,32,0,circuit_forward,0,0.319913100
backend,batch5000|lightning.qubit,circuit,lightning.qubit,4,2,5000,32,2,circuit_forward,0,2.822747000
backend,batch5000|default.qubit,circuit,default.qubit,4,2,5000,32,2,circuit_forward,0,0.016054800
backend,wide|lightning.qubit,circuit,lightning.qubit,6,2,2540,48,2,circuit_forward,0,2.148075400
backend,baseline|lightning.qubit,circuit,lightning.qubit,4,2,2540,32,2,circuit_forward,0,1.496103600
backend,batch500|default.qubit,circuit,default.qubit,4,2,500,32,2,circuit_forward,0,0.009177100
backend,wide|lightning.qubit,circuit,lightning.qubit,6,2,2540,48,0,circuit_forward,0,2.135523100
backend,deep|default.qubit,circuit,default.qubit,4,4,2540,64,0,circuit_forward,0,0.025639600
backend,batch5000|lightning.qubit,circuit,lightning.qubit,4,2,5000,32,0,circuit_forward,0,2.816733000
backend,batch1000|lightning.qubit,circuit,lightning.qubit,4,2,1000,32,0,circuit_forward,0,0.575227300
backend,baseline|lightning.qubit,circuit,lightning.qubit,4,2,2540,32,0,circuit_forward,0,1.437265600
backend,deep|default.qubit,circuit,default.qubit,4,4,2540,64,1,circuit_forward,0,0.022784200
backend,narrow|lightning.qubit,circuit,lightning.qubit,2,2,2540,16,1,circuit_forward,0,0.755152900
backend,baseline|lightning.qubit,circuit,lightning.qubit,4,2,2540,32,1,circuit_forward,0,1.457035900
backend,batch500|lightning.qubit,circuit,lightning.qubit,4,2,500,32,2,circuit_forward,0,0.295149700
backend,batch500|default.qubit,circuit,default.qubit,4,2,500,32,1,circuit_forward,0,0.008397400
backend,narrow|default.qubit,circuit,default.qubit,2,2,2540,16,2,circuit_forward,0,0.005851200
backend,narrow|lightning.qubit,circuit,lightning.qubit,2,2,2540,16,2,circuit_forward,0,0.755702300
backend,narrow|lightning.qubit,circuit,lightning.qubit,2,2,2540,16,0,circuit_forward,0,0.754195600
backend,batch2540|lightning.qubit,circuit,lightning.qubit,4,2,2540,32,1,circuit_forward,0,1.440900200
backend,batch100|lightning.qubit,circuit,lightning.qubit,4,2,100,32,2,circuit_forward,0,0.081186600
backend,batch1000|default.qubit,circuit,default.qubit,4,2,1000,32,0,circuit_forward,0,0.014171400
backend,deep|default.qubit,circuit,default.qubit,4,4,2540,64,2,circuit_forward,0,0.021947400
backend,narrow|default.qubit,circuit,default.qubit,2,2,2540,16,1,circuit_forward,0,0.006425200
backend,batch5000|default.qubit,circuit,default.qubit,4,2,5000,32,0,circuit_forward,0,0.016473500
backend,batch2540|lightning.qubit,circuit,lightning.qubit,4,2,2540,32,2,circuit_forward,0,1.476209900
backend,batch100|lightning.qubit,circuit,lightning.qubit,4,2,100,32,0,circuit_forward,0,0.080515800
backend,baseline|default.qubit,circuit,default.qubit,4,2,2540,32,2,circuit_forward,0,0.014584100
backend,batch100|default.qubit,circuit,default.qubit,4,2,100,32,1,circuit_forward,0,0.008448900
backend,deep|lightning.qubit,circuit,lightning.qubit,4,4,2540,64,1,circuit_forward,0,2.583580900
backend,baseline|default.qubit,circuit,default.qubit,4,2,2540,32,1,circuit_forward,0,0.015287300
backend,batch2540|default.qubit,circuit,default.qubit,4,2,2540,32,1,circuit_forward,0,0.014128100
backend,batch100|lightning.qubit,circuit,lightning.qubit,4,2,100,32,1,circuit_forward,0,0.100409400
backend,batch500|lightning.qubit,circuit,lightning.qubit,4,2,500,32,1,circuit_forward,0,0.301284400
backend,batch2540|lightning.qubit,circuit,lightning.qubit,4,2,2540,32,0,circuit_forward,0,1.452987400
backend,wide|default.qubit,circuit,default.qubit,6,2,2540,48,0,circuit_forward,0,0.026734400
backend,batch5000|default.qubit,circuit,default.qubit,4,2,5000,32,1,circuit_forward,0,0.018547800
backend,deep|lightning.qubit,circuit,lightning.qubit,4,4,2540,64,2,circuit_forward,0,2.588063900
backend,batch1000|default.qubit,circuit,default.qubit,4,2,1000,32,1,circuit_forward,0,0.013395200
backend,deep|default.qubit,circuit,default.qubit,4,4,2540,64,0,circuit_forward,1,0.023315100
backend,batch1000|default.qubit,circuit,default.qubit,4,2,1000,32,1,circuit_forward,1,0.012317300
backend,batch5000|lightning.qubit,circuit,lightning.qubit,4,2,5000,32,2,circuit_forward,1,2.847422900
backend,wide|lightning.qubit,circuit,lightning.qubit,6,2,2540,48,0,circuit_forward,1,2.145894800
backend,batch5000|default.qubit,circuit,default.qubit,4,2,5000,32,0,circuit_forward,1,0.016678100
backend,batch2540|lightning.qubit,circuit,lightning.qubit,4,2,2540,32,0,circuit_forward,1,1.471316300
backend,deep|default.qubit,circuit,default.qubit,4,4,2540,64,2,circuit_forward,1,0.024551100
backend,baseline|default.qubit,circuit,default.qubit,4,2,2540,32,0,circuit_forward,1,0.014014100
backend,batch100|default.qubit,circuit,default.qubit,4,2,100,32,1,circuit_forward,1,0.009887600
backend,batch500|lightning.qubit,circuit,lightning.qubit,4,2,500,32,2,circuit_forward,1,0.292690300
backend,batch100|default.qubit,circuit,default.qubit,4,2,100,32,2,circuit_forward,1,0.006839700
backend,narrow|lightning.qubit,circuit,lightning.qubit,2,2,2540,16,1,circuit_forward,1,0.735828900
backend,narrow|default.qubit,circuit,default.qubit,2,2,2540,16,0,circuit_forward,1,0.006001000
backend,batch500|default.qubit,circuit,default.qubit,4,2,500,32,1,circuit_forward,1,0.010438000
backend,wide|default.qubit,circuit,default.qubit,6,2,2540,48,2,circuit_forward,1,0.027208600
backend,baseline|default.qubit,circuit,default.qubit,4,2,2540,32,2,circuit_forward,1,0.014024900
backend,batch500|default.qubit,circuit,default.qubit,4,2,500,32,2,circuit_forward,1,0.011260000
backend,wide|lightning.qubit,circuit,lightning.qubit,6,2,2540,48,1,circuit_forward,1,2.132228400
backend,batch1000|lightning.qubit,circuit,lightning.qubit,4,2,1000,32,1,circuit_forward,1,0.554596800
backend,batch5000|default.qubit,circuit,default.qubit,4,2,5000,32,1,circuit_forward,1,0.016132600
backend,baseline|lightning.qubit,circuit,lightning.qubit,4,2,2540,32,0,circuit_forward,1,1.466591600
backend,batch100|lightning.qubit,circuit,lightning.qubit,4,2,100,32,2,circuit_forward,1,0.081039600
backend,batch2540|default.qubit,circuit,default.qubit,4,2,2540,32,2,circuit_forward,1,0.013464100
backend,wide|default.qubit,circuit,default.qubit,6,2,2540,48,0,circuit_forward,1,0.028349100
backend,wide|lightning.qubit,circuit,lightning.qubit,6,2,2540,48,2,circuit_forward,1,2.147173000
backend,batch1000|lightning.qubit,circuit,lightning.qubit,4,2,1000,32,2,circuit_forward,1,0.554865000
backend,batch5000|default.qubit,circuit,default.qubit,4,2,5000,32,2,circuit_forward,1,0.020785600
backend,batch5000|lightning.qubit,circuit,lightning.qubit,4,2,5000,32,0,circuit_forward,1,2.825145000
backend,deep|lightning.qubit,circuit,lightning.qubit,4,4,2540,64,2,circuit_forward,1,2.564917600
backend,batch2540|default.qubit,circuit,default.qubit,4,2,2540,32,1,circuit_forward,1,0.013413200
backend,deep|lightning.qubit,circuit,lightning.qubit,4,4,2540,64,1,circuit_forward,1,2.602485400
backend,batch100|lightning.qubit,circuit,lightning.qubit,4,2,100,32,0,circuit_forward,1,0.080100500
backend,deep|default.qubit,circuit,default.qubit,4,4,2540,64,1,circuit_forward,1,0.021025400
backend,batch2540|default.qubit,circuit,default.qubit,4,2,2540,32,0,circuit_forward,1,0.014144700
backend,narrow|default.qubit,circuit,default.qubit,2,2,2540,16,1,circuit_forward,1,0.005606800
backend,batch5000|lightning.qubit,circuit,lightning.qubit,4,2,5000,32,1,circuit_forward,1,2.848977700
backend,baseline|default.qubit,circuit,default.qubit,4,2,2540,32,1,circuit_forward,1,0.014367800
backend,batch1000|default.qubit,circuit,default.qubit,4,2,1000,32,0,circuit_forward,1,0.012618700
backend,batch100|lightning.qubit,circuit,lightning.qubit,4,2,100,32,1,circuit_forward,1,0.100316500
backend,batch500|lightning.qubit,circuit,lightning.qubit,4,2,500,32,1,circuit_forward,1,0.295823300
backend,batch2540|lightning.qubit,circuit,lightning.qubit,4,2,2540,32,2,circuit_forward,1,1.458670600
backend,batch1000|default.qubit,circuit,default.qubit,4,2,1000,32,2,circuit_forward,1,0.011889200
backend,batch500|default.qubit,circuit,default.qubit,4,2,500,32,0,circuit_forward,1,0.011015100
backend,baseline|lightning.qubit,circuit,lightning.qubit,4,2,2540,32,1,circuit_forward,1,1.444302800
backend,batch2540|lightning.qubit,circuit,lightning.qubit,4,2,2540,32,1,circuit_forward,1,1.462439500
backend,narrow|lightning.qubit,circuit,lightning.qubit,2,2,2540,16,0,circuit_forward,1,0.751113800
backend,batch1000|lightning.qubit,circuit,lightning.qubit,4,2,1000,32,0,circuit_forward,1,0.556677300
backend,batch500|lightning.qubit,circuit,lightning.qubit,4,2,500,32,0,circuit_forward,1,0.293509300
backend,narrow|default.qubit,circuit,default.qubit,2,2,2540,16,2,circuit_forward,1,0.006352100
backend,deep|lightning.qubit,circuit,lightning.qubit,4,4,2540,64,0,circuit_forward,1,2.586819000
backend,batch100|default.qubit,circuit,default.qubit,4,2,100,32,0,circuit_forward,1,0.007216100
backend,narrow|lightning.qubit,circuit,lightning.qubit,2,2,2540,16,2,circuit_forward,1,0.734033800
backend,wide|default.qubit,circuit,default.qubit,6,2,2540,48,1,circuit_forward,1,0.027366000
backend,baseline|lightning.qubit,circuit,lightning.qubit,4,2,2540,32,2,circuit_forward,1,1.457629700
backend,wide|default.qubit,circuit,default.qubit,6,2,2540,48,0,circuit_forward,2,0.029753100
backend,deep|lightning.qubit,circuit,lightning.qubit,4,4,2540,64,0,circuit_forward,2,2.592100500
backend,batch100|lightning.qubit,circuit,lightning.qubit,4,2,100,32,2,circuit_forward,2,0.080992800
backend,wide|lightning.qubit,circuit,lightning.qubit,6,2,2540,48,1,circuit_forward,2,2.130851300
backend,baseline|default.qubit,circuit,default.qubit,4,2,2540,32,1,circuit_forward,2,0.012769500
backend,batch2540|lightning.qubit,circuit,lightning.qubit,4,2,2540,32,2,circuit_forward,2,1.465479000
backend,batch500|default.qubit,circuit,default.qubit,4,2,500,32,2,circuit_forward,2,0.008943200
backend,batch500|lightning.qubit,circuit,lightning.qubit,4,2,500,32,0,circuit_forward,2,0.295336200
backend,deep|default.qubit,circuit,default.qubit,4,4,2540,64,2,circuit_forward,2,0.022511600
backend,batch500|lightning.qubit,circuit,lightning.qubit,4,2,500,32,2,circuit_forward,2,0.313992300
backend,narrow|lightning.qubit,circuit,lightning.qubit,2,2,2540,16,0,circuit_forward,2,0.746194100
backend,deep|lightning.qubit,circuit,lightning.qubit,4,4,2540,64,1,circuit_forward,2,2.569415100
backend,batch2540|lightning.qubit,circuit,lightning.qubit,4,2,2540,32,0,circuit_forward,2,1.444592400
backend,batch500|lightning.qubit,circuit,lightning.qubit,4,2,500,32,1,circuit_forward,2,0.298254700
backend,narrow|default.qubit,circuit,default.qubit,2,2,2540,16,1,circuit_forward,2,0.008373400
backend,batch100|default.qubit,circuit,default.qubit,4,2,100,32,0,circuit_forward,2,0.008732300
backend,batch1000|default.qubit,circuit,default.qubit,4,2,1000,32,1,circuit_forward,2,0.012428400
backend,baseline|default.qubit,circuit,default.qubit,4,2,2540,32,0,circuit_forward,2,0.014519500
backend,batch5000|lightning.qubit,circuit,lightning.qubit,4,2,5000,32,2,circuit_forward,2,2.836984200
backend,baseline|lightning.qubit,circuit,lightning.qubit,4,2,2540,32,0,circuit_forward,2,1.444840300
backend,batch5000|lightning.qubit,circuit,lightning.qubit,4,2,5000,32,1,circuit_forward,2,2.823613900
backend,wide|lightning.qubit,circuit,lightning.qubit,6,2,2540,48,0,circuit_forward,2,2.129208400
backend,wide|default.qubit,circuit,default.qubit,6,2,2540,48,2,circuit_forward,2,0.030580600
backend,narrow|default.qubit,circuit,default.qubit,2,2,2540,16,2,circuit_forward,2,0.006479200
backend,deep|default.qubit,circuit,default.qubit,4,4,2540,64,0,circuit_forward,2,0.023873800
backend,batch5000|default.qubit,circuit,default.qubit,4,2,5000,32,0,circuit_forward,2,0.016816400
backend,batch500|default.qubit,circuit,default.qubit,4,2,500,32,1,circuit_forward,2,0.010972100
backend,narrow|default.qubit,circuit,default.qubit,2,2,2540,16,0,circuit_forward,2,0.005916500
backend,baseline|lightning.qubit,circuit,lightning.qubit,4,2,2540,32,2,circuit_forward,2,1.460912300
backend,batch1000|default.qubit,circuit,default.qubit,4,2,1000,32,0,circuit_forward,2,0.012954500
backend,narrow|lightning.qubit,circuit,lightning.qubit,2,2,2540,16,1,circuit_forward,2,0.751049800
backend,deep|default.qubit,circuit,default.qubit,4,4,2540,64,1,circuit_forward,2,0.023945000
backend,batch100|default.qubit,circuit,default.qubit,4,2,100,32,2,circuit_forward,2,0.008768700
backend,batch2540|default.qubit,circuit,default.qubit,4,2,2540,32,0,circuit_forward,2,0.013199300
backend,wide|default.qubit,circuit,default.qubit,6,2,2540,48,1,circuit_forward,2,0.025930600
backend,batch500|default.qubit,circuit,default.qubit,4,2,500,32,0,circuit_forward,2,0.011408500
backend,batch100|default.qubit,circuit,default.qubit,4,2,100,32,1,circuit_forward,2,0.007555300
backend,batch100|lightning.qubit,circuit,lightning.qubit,4,2,100,32,1,circuit_forward,2,0.081663600
backend,baseline|lightning.qubit,circuit,lightning.qubit,4,2,2540,32,1,circuit_forward,2,1.436526400
backend,wide|lightning.qubit,circuit,lightning.qubit,6,2,2540,48,2,circuit_forward,2,2.133536600
backend,batch1000|default.qubit,circuit,default.qubit,4,2,1000,32,2,circuit_forward,2,0.012106900
backend,batch5000|default.qubit,circuit,default.qubit,4,2,5000,32,1,circuit_forward,2,0.016286300
backend,baseline|default.qubit,circuit,default.qubit,4,2,2540,32,2,circuit_forward,2,0.014184100
backend,batch1000|lightning.qubit,circuit,lightning.qubit,4,2,1000,32,2,circuit_forward,2,0.579543600
backend,batch100|lightning.qubit,circuit,lightning.qubit,4,2,100,32,0,circuit_forward,2,0.081161200
backend,batch1000|lightning.qubit,circuit,lightning.qubit,4,2,1000,32,0,circuit_forward,2,0.573313700
backend,deep|lightning.qubit,circuit,lightning.qubit,4,4,2540,64,2,circuit_forward,2,2.584979300
backend,batch5000|lightning.qubit,circuit,lightning.qubit,4,2,5000,32,0,circuit_forward,2,2.821283900
backend,batch1000|lightning.qubit,circuit,lightning.qubit,4,2,1000,32,1,circuit_forward,2,0.557853500
backend,narrow|lightning.qubit,circuit,lightning.qubit,2,2,2540,16,2,circuit_forward,2,0.731563200
backend,batch2540|default.qubit,circuit,default.qubit,4,2,2540,32,1,circuit_forward,2,0.014594700
backend,batch2540|default.qubit,circuit,default.qubit,4,2,2540,32,2,circuit_forward,2,0.014805400
backend,batch2540|lightning.qubit,circuit,lightning.qubit,4,2,2540,32,1,circuit_forward,2,1.471461500
backend,batch5000|default.qubit,circuit,default.qubit,4,2,5000,32,2,circuit_forward,2,0.020916700
backend,batch2540|default.qubit,circuit,default.qubit,4,2,2540,32,2,circuit_forward,3,0.014043400
backend,batch2540|default.qubit,circuit,default.qubit,4,2,2540,32,1,circuit_forward,3,0.015479400
backend,baseline|lightning.qubit,circuit,lightning.qubit,4,2,2540,32,1,circuit_forward,3,1.464351300
backend,narrow|default.qubit,circuit,default.qubit,2,2,2540,16,0,circuit_forward,3,0.006896800
backend,baseline|lightning.qubit,circuit,lightning.qubit,4,2,2540,32,2,circuit_forward,3,1.454353600
backend,batch1000|default.qubit,circuit,default.qubit,4,2,1000,32,1,circuit_forward,3,0.011635700
backend,narrow|lightning.qubit,circuit,lightning.qubit,2,2,2540,16,0,circuit_forward,3,0.757526100
backend,narrow|default.qubit,circuit,default.qubit,2,2,2540,16,1,circuit_forward,3,0.005710000
backend,batch100|default.qubit,circuit,default.qubit,4,2,100,32,2,circuit_forward,3,0.009339000
backend,wide|default.qubit,circuit,default.qubit,6,2,2540,48,1,circuit_forward,3,0.026754900
backend,batch5000|lightning.qubit,circuit,lightning.qubit,4,2,5000,32,0,circuit_forward,3,2.850494000
backend,batch100|lightning.qubit,circuit,lightning.qubit,4,2,100,32,1,circuit_forward,3,0.082726400
backend,batch1000|lightning.qubit,circuit,lightning.qubit,4,2,1000,32,2,circuit_forward,3,0.554198000
backend,baseline|lightning.qubit,circuit,lightning.qubit,4,2,2540,32,0,circuit_forward,3,1.450072900
backend,batch5000|lightning.qubit,circuit,lightning.qubit,4,2,5000,32,2,circuit_forward,3,2.824017700
backend,batch5000|default.qubit,circuit,default.qubit,4,2,5000,32,1,circuit_forward,3,0.015375900
backend,deep|default.qubit,circuit,default.qubit,4,4,2540,64,1,circuit_forward,3,0.022146700
backend,batch5000|default.qubit,circuit,default.qubit,4,2,5000,32,2,circuit_forward,3,0.017993900
backend,batch1000|lightning.qubit,circuit,lightning.qubit,4,2,1000,32,0,circuit_forward,3,0.578940400
backend,wide|lightning.qubit,circuit,lightning.qubit,6,2,2540,48,2,circuit_forward,3,2.139126600
backend,batch5000|default.qubit,circuit,default.qubit,4,2,5000,32,0,circuit_forward,3,0.017681200
backend,batch500|lightning.qubit,circuit,lightning.qubit,4,2,500,32,2,circuit_forward,3,0.314832000
backend,deep|lightning.qubit,circuit,lightning.qubit,4,4,2540,64,2,circuit_forward,3,2.561797900
backend,batch500|lightning.qubit,circuit,lightning.qubit,4,2,500,32,1,circuit_forward,3,0.297613000
backend,batch1000|default.qubit,circuit,default.qubit,4,2,1000,32,2,circuit_forward,3,0.012463100
backend,batch1000|lightning.qubit,circuit,lightning.qubit,4,2,1000,32,1,circuit_forward,3,0.573336300
backend,wide|lightning.qubit,circuit,lightning.qubit,6,2,2540,48,1,circuit_forward,3,2.138782500
backend,batch5000|lightning.qubit,circuit,lightning.qubit,4,2,5000,32,1,circuit_forward,3,2.813018600
backend,baseline|default.qubit,circuit,default.qubit,4,2,2540,32,2,circuit_forward,3,0.015107200
backend,batch500|default.qubit,circuit,default.qubit,4,2,500,32,2,circuit_forward,3,0.010340100
backend,batch500|default.qubit,circuit,default.qubit,4,2,500,32,0,circuit_forward,3,0.009143700
backend,deep|default.qubit,circuit,default.qubit,4,4,2540,64,2,circuit_forward,3,0.024017100
backend,batch100|default.qubit,circuit,default.qubit,4,2,100,32,1,circuit_forward,3,0.009141700
backend,baseline|default.qubit,circuit,default.qubit,4,2,2540,32,1,circuit_forward,3,0.013627100
backend,narrow|default.qubit,circuit,default.qubit,2,2,2540,16,2,circuit_forward,3,0.006856500
backend,batch500|lightning.qubit,circuit,lightning.qubit,4,2,500,32,0,circuit_forward,3,0.319115700
backend,batch100|default.qubit,circuit,default.qubit,4,2,100,32,0,circuit_forward,3,0.006833600
backend,batch2540|lightning.qubit,circuit,lightning.qubit,4,2,2540,32,0,circuit_forward,3,1.456477700
backend,batch1000|default.qubit,circuit,default.qubit,4,2,1000,32,0,circuit_forward,3,0.011199300
backend,narrow|lightning.qubit,circuit,lightning.qubit,2,2,2540,16,1,circuit_forward,3,0.750135700
backend,batch2540|lightning.qubit,circuit,lightning.qubit,4,2,2540,32,1,circuit_forward,3,1.441483300
backend,batch100|lightning.qubit,circuit,lightning.qubit,4,2,100,32,2,circuit_forward,3,0.081013300
backend,deep|default.qubit,circuit,default.qubit,4,4,2540,64,0,circuit_forward,3,0.022640100
backend,batch100|lightning.qubit,circuit,lightning.qubit,4,2,100,32,0,circuit_forward,3,0.098927100
backend,deep|lightning.qubit,circuit,lightning.qubit,4,4,2540,64,1,circuit_forward,3,2.564571100
backend,batch2540|lightning.qubit,circuit,lightning.qubit,4,2,2540,32,2,circuit_forward,3,1.450448300
backend,narrow|lightning.qubit,circuit,lightning.qubit,2,2,2540,16,2,circuit_forward,3,0.729011800
backend,wide|lightning.qubit,circuit,lightning.qubit,6,2,2540,48,0,circuit_forward,3,2.129104400
backend,deep|lightning.qubit,circuit,lightning.qubit,4,4,2540,64,0,circuit_forward,3,2.586272900
backend,baseline|default.qubit,circuit,default.qubit,4,2,2540,32,0,circuit_forward,3,0.014503900
backend,wide|default.qubit,circuit,default.qubit,6,2,2540,48,2,circuit_forward,3,0.025239300
backend,wide|default.qubit,circuit,default.qubit,6,2,2540,48,0,circuit_forward,3,0.028607300
backend,batch2540|default.qubit,circuit,default.qubit,4,2,2540,32,0,circuit_forward,3,0.013089500
backend,batch500|default.qubit,circuit,default.qubit,4,2,500,32,1,circuit_forward,3,0.009479300
backend,baseline|default.qubit,circuit,default.qubit,4,2,2540,32,0,circuit_forward,4,0.014594000
backend,wide|lightning.qubit,circuit,lightning.qubit,6,2,2540,48,0,circuit_forward,4,2.202290000
backend,batch5000|default.qubit,circuit,default.qubit,4,2,5000,32,1,circuit_forward,4,0.016831200
backend,batch5000|lightning.qubit,circuit,lightning.qubit,4,2,5000,32,2,circuit_forward,4,2.837807600
backend,batch2540|default.qubit,circuit,default.qubit,4,2,2540,32,1,circuit_forward,4,0.014445100
backend,batch5000|default.qubit,circuit,default.qubit,4,2,5000,32,2,circuit_forward,4,0.016127700
backend,batch100|default.qubit,circuit,default.qubit,4,2,100,32,2,circuit_forward,4,0.009118600
backend,wide|default.qubit,circuit,default.qubit,6,2,2540,48,2,circuit_forward,4,0.027310400
backend,deep|lightning.qubit,circuit,lightning.qubit,4,4,2540,64,2,circuit_forward,4,2.590378100
backend,batch500|default.qubit,circuit,default.qubit,4,2,500,32,1,circuit_forward,4,0.008780900
backend,baseline|default.qubit,circuit,default.qubit,4,2,2540,32,2,circuit_forward,4,0.015652100
backend,batch2540|default.qubit,circuit,default.qubit,4,2,2540,32,0,circuit_forward,4,0.012873800
backend,baseline|lightning.qubit,circuit,lightning.qubit,4,2,2540,32,2,circuit_forward,4,1.457615900
backend,batch500|lightning.qubit,circuit,lightning.qubit,4,2,500,32,0,circuit_forward,4,0.296470400
backend,deep|default.qubit,circuit,default.qubit,4,4,2540,64,0,circuit_forward,4,0.024395100
backend,batch500|lightning.qubit,circuit,lightning.qubit,4,2,500,32,2,circuit_forward,4,0.310561900
backend,baseline|lightning.qubit,circuit,lightning.qubit,4,2,2540,32,0,circuit_forward,4,1.446015900
backend,batch1000|default.qubit,circuit,default.qubit,4,2,1000,32,0,circuit_forward,4,0.011942800
backend,batch2540|default.qubit,circuit,default.qubit,4,2,2540,32,2,circuit_forward,4,0.014152900
backend,deep|default.qubit,circuit,default.qubit,4,4,2540,64,2,circuit_forward,4,0.022338000
backend,wide|lightning.qubit,circuit,lightning.qubit,6,2,2540,48,2,circuit_forward,4,2.150729200
backend,batch100|lightning.qubit,circuit,lightning.qubit,4,2,100,32,0,circuit_forward,4,0.080931100
backend,deep|lightning.qubit,circuit,lightning.qubit,4,4,2540,64,0,circuit_forward,4,2.592614600
backend,narrow|lightning.qubit,circuit,lightning.qubit,2,2,2540,16,2,circuit_forward,4,0.740740300
backend,batch100|lightning.qubit,circuit,lightning.qubit,4,2,100,32,1,circuit_forward,4,0.080866400
backend,batch100|default.qubit,circuit,default.qubit,4,2,100,32,0,circuit_forward,4,0.007041800
backend,batch1000|lightning.qubit,circuit,lightning.qubit,4,2,1000,32,2,circuit_forward,4,0.560261300
backend,narrow|lightning.qubit,circuit,lightning.qubit,2,2,2540,16,1,circuit_forward,4,0.749373300
backend,wide|default.qubit,circuit,default.qubit,6,2,2540,48,1,circuit_forward,4,0.031498400
backend,baseline|lightning.qubit,circuit,lightning.qubit,4,2,2540,32,1,circuit_forward,4,1.473867500
backend,batch2540|lightning.qubit,circuit,lightning.qubit,4,2,2540,32,2,circuit_forward,4,1.461547300
backend,batch1000|lightning.qubit,circuit,lightning.qubit,4,2,1000,32,1,circuit_forward,4,0.562368000
backend,narrow|default.qubit,circuit,default.qubit,2,2,2540,16,1,circuit_forward,4,0.007343500
backend,batch100|lightning.qubit,circuit,lightning.qubit,4,2,100,32,2,circuit_forward,4,0.098697800
backend,deep|lightning.qubit,circuit,lightning.qubit,4,4,2540,64,1,circuit_forward,4,2.579224700
backend,batch1000|lightning.qubit,circuit,lightning.qubit,4,2,1000,32,0,circuit_forward,4,0.572209400
backend,batch5000|default.qubit,circuit,default.qubit,4,2,5000,32,0,circuit_forward,4,0.018199800
backend,batch5000|lightning.qubit,circuit,lightning.qubit,4,2,5000,32,0,circuit_forward,4,2.831894000
backend,batch2540|lightning.qubit,circuit,lightning.qubit,4,2,2540,32,1,circuit_forward,4,1.444500900
backend,wide|default.qubit,circuit,default.qubit,6,2,2540,48,0,circuit_forward,4,0.029578200
backend,deep|default.qubit,circuit,default.qubit,4,4,2540,64,1,circuit_forward,4,0.021169500
backend,batch500|default.qubit,circuit,default.qubit,4,2,500,32,0,circuit_forward,4,0.010786000
backend,wide|lightning.qubit,circuit,lightning.qubit,6,2,2540,48,1,circuit_forward,4,2.128147500
backend,narrow|default.qubit,circuit,default.qubit,2,2,2540,16,0,circuit_forward,4,0.005985300
backend,batch5000|lightning.qubit,circuit,lightning.qubit,4,2,5000,32,1,circuit_forward,4,2.866872100
backend,narrow|lightning.qubit,circuit,lightning.qubit,2,2,2540,16,0,circuit_forward,4,0.741597400
backend,batch2540|lightning.qubit,circuit,lightning.qubit,4,2,2540,32,0,circuit_forward,4,1.469250500
backend,batch1000|default.qubit,circuit,default.qubit,4,2,1000,32,2,circuit_forward,4,0.013454300
backend,batch1000|default.qubit,circuit,default.qubit,4,2,1000,32,1,circuit_forward,4,0.012622500
backend,batch100|default.qubit,circuit,default.qubit,4,2,100,32,1,circuit_forward,4,0.008859000
backend,batch500|default.qubit,circuit,default.qubit,4,2,500,32,2,circuit_forward,4,0.009470000
backend,baseline|default.qubit,circuit,default.qubit,4,2,2540,32,1,circuit_forward,4,0.014484000
backend,batch500|lightning.qubit,circuit,lightning.qubit,4,2,500,32,1,circuit_forward,4,0.313908900
backend,narrow|default.qubit,circuit,default.qubit,2,2,2540,16,2,circuit_forward,4,0.006846300
backend,deep|default.qubit,circuit,default.qubit,4,4,2540,64,2,circuit_forward,5,0.023547900
backend,deep|lightning.qubit,circuit,lightning.qubit,4,4,2540,64,1,circuit_forward,5,2.605310500
backend,narrow|lightning.qubit,circuit,lightning.qubit,2,2,2540,16,0,circuit_forward,5,0.749128300
backend,narrow|lightning.qubit,circuit,lightning.qubit,2,2,2540,16,1,circuit_forward,5,0.745659100
backend,batch500|lightning.qubit,circuit,lightning.qubit,4,2,500,32,1,circuit_forward,5,0.296577200
backend,batch500|default.qubit,circuit,default.qubit,4,2,500,32,1,circuit_forward,5,0.008967900
backend,baseline|lightning.qubit,circuit,lightning.qubit,4,2,2540,32,2,circuit_forward,5,1.499417600
backend,batch1000|lightning.qubit,circuit,lightning.qubit,4,2,1000,32,0,circuit_forward,5,0.585261100
backend,batch2540|default.qubit,circuit,default.qubit,4,2,2540,32,0,circuit_forward,5,0.014436800
backend,baseline|default.qubit,circuit,default.qubit,4,2,2540,32,0,circuit_forward,5,0.013979800
backend,batch500|default.qubit,circuit,default.qubit,4,2,500,32,2,circuit_forward,5,0.009547300
backend,wide|lightning.qubit,circuit,lightning.qubit,6,2,2540,48,0,circuit_forward,5,2.151523600
backend,batch500|lightning.qubit,circuit,lightning.qubit,4,2,500,32,0,circuit_forward,5,0.307298500
backend,batch1000|lightning.qubit,circuit,lightning.qubit,4,2,1000,32,2,circuit_forward,5,0.566164400
backend,wide|lightning.qubit,circuit,lightning.qubit,6,2,2540,48,2,circuit_forward,5,2.129446200
backend,batch5000|lightning.qubit,circuit,lightning.qubit,4,2,5000,32,0,circuit_forward,5,2.846910600
backend,narrow|default.qubit,circuit,default.qubit,2,2,2540,16,1,circuit_forward,5,0.007235700
backend,batch2540|default.qubit,circuit,default.qubit,4,2,2540,32,1,circuit_forward,5,0.014074500
backend,narrow|default.qubit,circuit,default.qubit,2,2,2540,16,2,circuit_forward,5,0.006758900
backend,batch2540|default.qubit,circuit,default.qubit,4,2,2540,32,2,circuit_forward,5,0.013355900
backend,batch500|lightning.qubit,circuit,lightning.qubit,4,2,500,32,2,circuit_forward,5,0.319769900
backend,baseline|default.qubit,circuit,default.qubit,4,2,2540,32,2,circuit_forward,5,0.015533200
backend,batch1000|default.qubit,circuit,default.qubit,4,2,1000,32,1,circuit_forward,5,0.011048800
backend,batch100|default.qubit,circuit,default.qubit,4,2,100,32,1,circuit_forward,5,0.008147900
backend,batch100|lightning.qubit,circuit,lightning.qubit,4,2,100,32,2,circuit_forward,5,0.081991600
backend,batch1000|default.qubit,circuit,default.qubit,4,2,1000,32,0,circuit_forward,5,0.012844000
backend,batch100|default.qubit,circuit,default.qubit,4,2,100,32,2,circuit_forward,5,0.007345200
backend,deep|lightning.qubit,circuit,lightning.qubit,4,4,2540,64,2,circuit_forward,5,2.603055300
backend,batch100|lightning.qubit,circuit,lightning.qubit,4,2,100,32,0,circuit_forward,5,0.082874000
backend,deep|default.qubit,circuit,default.qubit,4,4,2540,64,1,circuit_forward,5,0.024412600
backend,batch2540|lightning.qubit,circuit,lightning.qubit,4,2,2540,32,1,circuit_forward,5,1.502239200
backend,batch1000|default.qubit,circuit,default.qubit,4,2,1000,32,2,circuit_forward,5,0.013673500
backend,batch5000|default.qubit,circuit,default.qubit,4,2,5000,32,0,circuit_forward,5,0.016437400
backend,batch500|default.qubit,circuit,default.qubit,4,2,500,32,0,circuit_forward,5,0.009154500
backend,deep|lightning.qubit,circuit,lightning.qubit,4,4,2540,64,0,circuit_forward,5,2.584814400
backend,batch5000|default.qubit,circuit,default.qubit,4,2,5000,32,1,circuit_forward,5,0.017046300
backend,deep|default.qubit,circuit,default.qubit,4,4,2540,64,0,circuit_forward,5,0.023948600
backend,wide|lightning.qubit,circuit,lightning.qubit,6,2,2540,48,1,circuit_forward,5,2.157518900
backend,baseline|default.qubit,circuit,default.qubit,4,2,2540,32,1,circuit_forward,5,0.015722100
backend,wide|default.qubit,circuit,default.qubit,6,2,2540,48,1,circuit_forward,5,0.028694500
backend,narrow|lightning.qubit,circuit,lightning.qubit,2,2,2540,16,2,circuit_forward,5,0.765285200
backend,wide|default.qubit,circuit,default.qubit,6,2,2540,48,0,circuit_forward,5,0.030536000
backend,narrow|default.qubit,circuit,default.qubit,2,2,2540,16,0,circuit_forward,5,0.005489800
backend,wide|default.qubit,circuit,default.qubit,6,2,2540,48,2,circuit_forward,5,0.028387800
backend,batch5000|lightning.qubit,circuit,lightning.qubit,4,2,5000,32,1,circuit_forward,5,2.850740100
backend,batch100|lightning.qubit,circuit,lightning.qubit,4,2,100,32,1,circuit_forward,5,0.083928400
backend,batch1000|lightning.qubit,circuit,lightning.qubit,4,2,1000,32,1,circuit_forward,5,0.564670400
backend,batch2540|lightning.qubit,circuit,lightning.qubit,4,2,2540,32,2,circuit_forward,5,1.449446500
backend,batch5000|lightning.qubit,circuit,lightning.qubit,4,2,5000,32,2,circuit_forward,5,2.856956000
backend,batch5000|default.qubit,circuit,default.qubit,4,2,5000,32,2,circuit_forward,5,0.018571200
backend,batch2540|lightning.qubit,circuit,lightning.qubit,4,2,2540,32,0,circuit_forward,5,1.651382700
backend,batch100|default.qubit,circuit,default.qubit,4,2,100,32,0,circuit_forward,5,0.008578900
backend,baseline|lightning.qubit,circuit,lightning.qubit,4,2,2540,32,1,circuit_forward,5,1.605237300
backend,baseline|lightning.qubit,circuit,lightning.qubit,4,2,2540,32,0,circuit_forward,5,1.626810300
backend,baseline|lightning.qubit,circuit,lightning.qubit,4,2,2540,32,2,circuit_forward,6,1.605070300
backend,deep|default.qubit,circuit,default.qubit,4,4,2540,64,0,circuit_forward,6,0.025189400
backend,wide|lightning.qubit,circuit,lightning.qubit,6,2,2540,48,2,circuit_forward,6,2.371800600
backend,batch2540|default.qubit,circuit,default.qubit,4,2,2540,32,1,circuit_forward,6,0.013688700
backend,batch1000|lightning.qubit,circuit,lightning.qubit,4,2,1000,32,0,circuit_forward,6,0.624772200
backend,batch500|lightning.qubit,circuit,lightning.qubit,4,2,500,32,0,circuit_forward,6,0.336683300
backend,batch500|lightning.qubit,circuit,lightning.qubit,4,2,500,32,2,circuit_forward,6,0.314858400
backend,narrow|lightning.qubit,circuit,lightning.qubit,2,2,2540,16,1,circuit_forward,6,0.806265000
backend,batch100|lightning.qubit,circuit,lightning.qubit,4,2,100,32,1,circuit_forward,6,0.090380000
backend,batch100|default.qubit,circuit,default.qubit,4,2,100,32,1,circuit_forward,6,0.007609900
backend,batch1000|lightning.qubit,circuit,lightning.qubit,4,2,1000,32,1,circuit_forward,6,0.621285200
backend,deep|lightning.qubit,circuit,lightning.qubit,4,4,2540,64,2,circuit_forward,6,2.831968600
backend,wide|lightning.qubit,circuit,lightning.qubit,6,2,2540,48,1,circuit_forward,6,2.283727700
backend,batch5000|default.qubit,circuit,default.qubit,4,2,5000,32,1,circuit_forward,6,0.020276000
backend,narrow|default.qubit,circuit,default.qubit,2,2,2540,16,2,circuit_forward,6,0.006465700
backend,deep|default.qubit,circuit,default.qubit,4,4,2540,64,2,circuit_forward,6,0.023321000
backend,baseline|lightning.qubit,circuit,lightning.qubit,4,2,2540,32,0,circuit_forward,6,1.588343600
backend,batch2540|lightning.qubit,circuit,lightning.qubit,4,2,2540,32,2,circuit_forward,6,1.513628300
backend,wide|default.qubit,circuit,default.qubit,6,2,2540,48,1,circuit_forward,6,0.029435800
backend,batch100|default.qubit,circuit,default.qubit,4,2,100,32,0,circuit_forward,6,0.008886700
backend,narrow|default.qubit,circuit,default.qubit,2,2,2540,16,0,circuit_forward,6,0.005905800
backend,narrow|lightning.qubit,circuit,lightning.qubit,2,2,2540,16,2,circuit_forward,6,0.781828900
backend,baseline|default.qubit,circuit,default.qubit,4,2,2540,32,1,circuit_forward,6,0.015185500
backend,deep|lightning.qubit,circuit,lightning.qubit,4,4,2540,64,0,circuit_forward,6,2.687924700
backend,batch1000|default.qubit,circuit,default.qubit,4,2,1000,32,0,circuit_forward,6,0.012106000
backend,batch500|default.qubit,circuit,default.qubit,4,2,500,32,0,circuit_forward,6,0.010933400
backend,batch5000|default.qubit,circuit,default.qubit,4,2,5000,32,2,circuit_forward,6,0.015555400
backend,baseline|lightning.qubit,circuit,lightning.qubit,4,2,2540,32,1,circuit_forward,6,1.507907000
backend,wide|lightning.qubit,circuit,lightning.qubit,6,2,2540,48,0,circuit_forward,6,2.225006700
backend,batch100|default.qubit,circuit,default.qubit,4,2,100,32,2,circuit_forward,6,0.007125100
backend,wide|default.qubit,circuit,default.qubit,6,2,2540,48,2,circuit_forward,6,0.030414500
backend,deep|lightning.qubit,circuit,lightning.qubit,4,4,2540,64,1,circuit_forward,6,2.713483600
backend,batch500|lightning.qubit,circuit,lightning.qubit,4,2,500,32,1,circuit_forward,6,0.296904100
backend,batch500|default.qubit,circuit,default.qubit,4,2,500,32,2,circuit_forward,6,0.008819500
backend,batch1000|default.qubit,circuit,default.qubit,4,2,1000,32,1,circuit_forward,6,0.012123700
backend,deep|default.qubit,circuit,default.qubit,4,4,2540,64,1,circuit_forward,6,0.023126100
backend,baseline|default.qubit,circuit,default.qubit,4,2,2540,32,2,circuit_forward,6,0.013903800
backend,batch5000|lightning.qubit,circuit,lightning.qubit,4,2,5000,32,2,circuit_forward,6,2.916667700
backend,batch100|lightning.qubit,circuit,lightning.qubit,4,2,100,32,0,circuit_forward,6,0.083860200
backend,batch1000|default.qubit,circuit,default.qubit,4,2,1000,32,2,circuit_forward,6,0.012723600
backend,wide|default.qubit,circuit,default.qubit,6,2,2540,48,0,circuit_forward,6,0.028165800
backend,baseline|default.qubit,circuit,default.qubit,4,2,2540,32,0,circuit_forward,6,0.014341100
backend,narrow|default.qubit,circuit,default.qubit,2,2,2540,16,1,circuit_forward,6,0.006517300
backend,narrow|lightning.qubit,circuit,lightning.qubit,2,2,2540,16,0,circuit_forward,6,0.766523400
backend,batch2540|default.qubit,circuit,default.qubit,4,2,2540,32,0,circuit_forward,6,0.014235600
backend,batch500|default.qubit,circuit,default.qubit,4,2,500,32,1,circuit_forward,6,0.010903100
backend,batch100|lightning.qubit,circuit,lightning.qubit,4,2,100,32,2,circuit_forward,6,0.084826200
backend,batch1000|lightning.qubit,circuit,lightning.qubit,4,2,1000,32,2,circuit_forward,6,0.569164500
backend,batch2540|lightning.qubit,circuit,lightning.qubit,4,2,2540,32,1,circuit_forward,6,1.488099800
backend,batch2540|default.qubit,circuit,default.qubit,4,2,2540,32,2,circuit_forward,6,0.014016900
backend,batch5000|default.qubit,circuit,default.qubit,4,2,5000,32,0,circuit_forward,6,0.017128600
backend,batch2540|lightning.qubit,circuit,lightning.qubit,4,2,2540,32,0,circuit_forward,6,1.514899200
backend,batch1000|default.qubit,circuit,default.qubit,4,2,1000,32,2,circuit_forward,7,0.011573700
backend,wide|default.qubit,circuit,default.qubit,6,2,2540,48,2,circuit_forward,7,0.027169100
backend,batch100|default.qubit,circuit,default.qubit,4,2,100,32,1,circuit_forward,7,0.008862100
backend,narrow|default.qubit,circuit,default.qubit,2,2,2540,16,0,circuit_forward,7,0.007206800
backend,batch100|lightning.qubit,circuit,lightning.qubit,4,2,100,32,0,circuit_forward,7,0.100890500
backend,batch500|default.qubit,circuit,default.qubit,4,2,500,32,0,circuit_forward,7,0.008732400
backend,batch100|lightning.qubit,circuit,lightning.qubit,4,2,100,32,2,circuit_forward,7,0.083047500
backend,batch1000|lightning.qubit,circuit,lightning.qubit,4,2,1000,32,2,circuit_forward,7,0.571505000
backend,batch2540|default.qubit,circuit,default.qubit,4,2,2540,32,2,circuit_forward,7,0.016731800
backend,batch500|lightning.qubit,circuit,lightning.qubit,4,2,500,32,2,circuit_forward,7,0.325009500
backend,batch2540|lightning.qubit,circuit,lightning.qubit,4,2,2540,32,1,circuit_forward,7,1.510089600
backend,batch500|lightning.qubit,circuit,lightning.qubit,4,2,500,32,1,circuit_forward,7,0.305728200
backend,narrow|default.qubit,circuit,default.qubit,2,2,2540,16,1,circuit_forward,7,0.006433800
backend,wide|default.qubit,circuit,default.qubit,6,2,2540,48,0,circuit_forward,7,0.028103000
backend,batch1000|lightning.qubit,circuit,lightning.qubit,4,2,1000,32,0,circuit_forward,7,0.609290500
backend,batch500|default.qubit,circuit,default.qubit,4,2,500,32,2,circuit_forward,7,0.009951800
backend,batch5000|default.qubit,circuit,default.qubit,4,2,5000,32,1,circuit_forward,7,0.017348100
backend,narrow|lightning.qubit,circuit,lightning.qubit,2,2,2540,16,0,circuit_forward,7,0.787077000
backend,baseline|default.qubit,circuit,default.qubit,4,2,2540,32,0,circuit_forward,7,0.016454800
backend,batch500|lightning.qubit,circuit,lightning.qubit,4,2,500,32,0,circuit_forward,7,0.335403100
backend,batch1000|default.qubit,circuit,default.qubit,4,2,1000,32,1,circuit_forward,7,0.012510700
backend,batch2540|default.qubit,circuit,default.qubit,4,2,2540,32,1,circuit_forward,7,0.014872000
backend,wide|lightning.qubit,circuit,lightning.qubit,6,2,2540,48,1,circuit_forward,7,2.207919800
backend,wide|lightning.qubit,circuit,lightning.qubit,6,2,2540,48,2,circuit_forward,7,2.198349200
backend,narrow|default.qubit,circuit,default.qubit,2,2,2540,16,2,circuit_forward,7,0.006316100
backend,batch2540|lightning.qubit,circuit,lightning.qubit,4,2,2540,32,2,circuit_forward,7,1.512025600
backend,baseline|lightning.qubit,circuit,lightning.qubit,4,2,2540,32,0,circuit_forward,7,1.509050000
backend,batch100|lightning.qubit,circuit,lightning.qubit,4,2,100,32,1,circuit_forward,7,0.085430000
backend,baseline|lightning.qubit,circuit,lightning.qubit,4,2,2540,32,2,circuit_forward,7,1.494297200
backend,baseline|default.qubit,circuit,default.qubit,4,2,2540,32,1,circuit_forward,7,0.015256400
backend,narrow|lightning.qubit,circuit,lightning.qubit,2,2,2540,16,2,circuit_forward,7,0.775825800
backend,batch1000|default.qubit,circuit,default.qubit,4,2,1000,32,0,circuit_forward,7,0.016276600
backend,baseline|lightning.qubit,circuit,lightning.qubit,4,2,2540,32,1,circuit_forward,7,1.522729500
backend,batch100|default.qubit,circuit,default.qubit,4,2,100,32,2,circuit_forward,7,0.007907000
backend,batch500|default.qubit,circuit,default.qubit,4,2,500,32,1,circuit_forward,7,0.009702800
backend,narrow|lightning.qubit,circuit,lightning.qubit,2,2,2540,16,1,circuit_forward,7,0.775640600
backend,batch5000|default.qubit,circuit,default.qubit,4,2,5000,32,2,circuit_forward,7,0.019058800
backend,batch100|default.qubit,circuit,default.qubit,4,2,100,32,0,circuit_forward,7,0.008095000
backend,baseline|default.qubit,circuit,default.qubit,4,2,2540,32,2,circuit_forward,7,0.015585800
backend,wide|lightning.qubit,circuit,lightning.qubit,6,2,2540,48,0,circuit_forward,7,2.342511700
backend,deep|default.qubit,circuit,default.qubit,4,4,2540,64,1,circuit_forward,7,0.022675400
backend,deep|default.qubit,circuit,default.qubit,4,4,2540,64,0,circuit_forward,7,0.021747000
backend,batch2540|lightning.qubit,circuit,lightning.qubit,4,2,2540,32,0,circuit_forward,7,1.587987400
backend,batch1000|lightning.qubit,circuit,lightning.qubit,4,2,1000,32,1,circuit_forward,7,0.616791100
backend,batch2540|default.qubit,circuit,default.qubit,4,2,2540,32,0,circuit_forward,7,0.014601100
backend,wide|default.qubit,circuit,default.qubit,6,2,2540,48,1,circuit_forward,7,0.028009100
backend,batch5000|default.qubit,circuit,default.qubit,4,2,5000,32,0,circuit_forward,7,0.017686300
backend,deep|default.qubit,circuit,default.qubit,4,4,2540,64,2,circuit_forward,7,0.021352700
backend,narrow|default.qubit,circuit,default.qubit,2,2,2540,16,2,circuit_forward,8,0.006512400
backend,batch1000|lightning.qubit,circuit,lightning.qubit,4,2,1000,32,2,circuit_forward,8,0.622687100
backend,batch100|default.qubit,circuit,default.qubit,4,2,100,32,1,circuit_forward,8,0.008502400
backend,batch5000|default.qubit,circuit,default.qubit,4,2,5000,32,0,circuit_forward,8,0.017335800
backend,narrow|lightning.qubit,circuit,lightning.qubit,2,2,2540,16,2,circuit_forward,8,0.814030100
backend,batch500|default.qubit,circuit,default.qubit,4,2,500,32,1,circuit_forward,8,0.009638900
backend,batch2540|default.qubit,circuit,default.qubit,4,2,2540,32,0,circuit_forward,8,0.013517500
backend,baseline|default.qubit,circuit,default.qubit,4,2,2540,32,0,circuit_forward,8,0.013136100
backend,batch100|lightning.qubit,circuit,lightning.qubit,4,2,100,32,2,circuit_forward,8,0.099258300
backend,narrow|lightning.qubit,circuit,lightning.qubit,2,2,2540,16,0,circuit_forward,8,0.792587400
backend,batch500|lightning.qubit,circuit,lightning.qubit,4,2,500,32,2,circuit_forward,8,0.317221400
backend,batch1000|default.qubit,circuit,default.qubit,4,2,1000,32,1,circuit_forward,8,0.011569700
backend,baseline|lightning.qubit,circuit,lightning.qubit,4,2,2540,32,0,circuit_forward,8,1.606208900
backend,wide|default.qubit,circuit,default.qubit,6,2,2540,48,1,circuit_forward,8,0.031733500
backend,batch100|default.qubit,circuit,default.qubit,4,2,100,32,0,circuit_forward,8,0.008048800
backend,batch500|lightning.qubit,circuit,lightning.qubit,4,2,500,32,0,circuit_forward,8,0.324890300
backend,narrow|default.qubit,circuit,default.qubit,2,2,2540,16,1,circuit_forward,8,0.007139000
backend,batch2540|lightning.qubit,circuit,lightning.qubit,4,2,2540,32,1,circuit_forward,8,1.585427200
backend,batch100|lightning.qubit,circuit,lightning.qubit,4,2,100,32,1,circuit_forward,8,0.089581200
backend,wide|default.qubit,circuit,default.qubit,6,2,2540,48,2,circuit_forward,8,0.033214800
backend,batch5000|default.qubit,circuit,default.qubit,4,2,5000,32,2,circuit_forward,8,0.016189000
backend,narrow|default.qubit,circuit,default.qubit,2,2,2540,16,0,circuit_forward,8,0.006653700
backend,batch2540|default.qubit,circuit,default.qubit,4,2,2540,32,1,circuit_forward,8,0.014030200
backend,wide|default.qubit,circuit,default.qubit,6,2,2540,48,0,circuit_forward,8,0.029294300
backend,deep|default.qubit,circuit,default.qubit,4,4,2540,64,0,circuit_forward,8,0.022514700
backend,batch100|lightning.qubit,circuit,lightning.qubit,4,2,100,32,0,circuit_forward,8,0.104258000
backend,batch2540|lightning.qubit,circuit,lightning.qubit,4,2,2540,32,2,circuit_forward,8,1.481320000
backend,batch1000|default.qubit,circuit,default.qubit,4,2,1000,32,2,circuit_forward,8,0.012316100
backend,batch100|default.qubit,circuit,default.qubit,4,2,100,32,2,circuit_forward,8,0.009178700
backend,narrow|lightning.qubit,circuit,lightning.qubit,2,2,2540,16,1,circuit_forward,8,0.771464400
backend,baseline|lightning.qubit,circuit,lightning.qubit,4,2,2540,32,2,circuit_forward,8,1.491248400
backend,baseline|default.qubit,circuit,default.qubit,4,2,2540,32,1,circuit_forward,8,0.017119300
backend,batch2540|lightning.qubit,circuit,lightning.qubit,4,2,2540,32,0,circuit_forward,8,1.507050600
backend,batch5000|default.qubit,circuit,default.qubit,4,2,5000,32,1,circuit_forward,8,0.015827200
backend,batch500|default.qubit,circuit,default.qubit,4,2,500,32,0,circuit_forward,8,0.010978100
backend,batch500|lightning.qubit,circuit,lightning.qubit,4,2,500,32,1,circuit_forward,8,0.303333400
backend,batch1000|lightning.qubit,circuit,lightning.qubit,4,2,1000,32,0,circuit_forward,8,0.577668100
backend,batch2540|default.qubit,circuit,default.qubit,4,2,2540,32,2,circuit_forward,8,0.017331600
backend,baseline|default.qubit,circuit,default.qubit,4,2,2540,32,2,circuit_forward,8,0.012684100
backend,batch1000|lightning.qubit,circuit,lightning.qubit,4,2,1000,32,1,circuit_forward,8,0.592633900
backend,deep|default.qubit,circuit,default.qubit,4,4,2540,64,1,circuit_forward,8,0.023120200
backend,deep|default.qubit,circuit,default.qubit,4,4,2540,64,2,circuit_forward,8,0.023196400
backend,batch500|default.qubit,circuit,default.qubit,4,2,500,32,2,circuit_forward,8,0.011071400
backend,baseline|lightning.qubit,circuit,lightning.qubit,4,2,2540,32,1,circuit_forward,8,1.497619400
backend,batch1000|default.qubit,circuit,default.qubit,4,2,1000,32,0,circuit_forward,8,0.012699000
backend,narrow|lightning.qubit,circuit,lightning.qubit,2,2,2540,16,2,circuit_forward,9,0.781631500
backend,batch500|default.qubit,circuit,default.qubit,4,2,500,32,2,circuit_forward,9,0.008473200
backend,batch500|default.qubit,circuit,default.qubit,4,2,500,32,0,circuit_forward,9,0.008469800
backend,batch2540|lightning.qubit,circuit,lightning.qubit,4,2,2540,32,2,circuit_forward,9,1.497967400
backend,wide|default.qubit,circuit,default.qubit,6,2,2540,48,1,circuit_forward,9,0.031828000
backend,batch2540|default.qubit,circuit,default.qubit,4,2,2540,32,0,circuit_forward,9,0.013677700
backend,batch2540|default.qubit,circuit,default.qubit,4,2,2540,32,2,circuit_forward,9,0.014634500
backend,batch100|lightning.qubit,circuit,lightning.qubit,4,2,100,32,0,circuit_forward,9,0.100851600
backend,batch1000|lightning.qubit,circuit,lightning.qubit,4,2,1000,32,2,circuit_forward,9,0.586460200
backend,deep|default.qubit,circuit,default.qubit,4,4,2540,64,0,circuit_forward,9,0.022341500
backend,batch1000|lightning.qubit,circuit,lightning.qubit,4,2,1000,32,0,circuit_forward,9,0.593835400
backend,narrow|default.qubit,circuit,default.qubit,2,2,2540,16,2,circuit_forward,9,0.006696200
backend,batch1000|default.qubit,circuit,default.qubit,4,2,1000,32,1,circuit_forward,9,0.012273600
backend,narrow|lightning.qubit,circuit,lightning.qubit,2,2,2540,16,1,circuit_forward,9,0.783323200
backend,deep|default.qubit,circuit,default.qubit,4,4,2540,64,1,circuit_forward,9,0.024598700
backend,wide|default.qubit,circuit,default.qubit,6,2,2540,48,0,circuit_forward,9,0.025921800
backend,narrow|default.qubit,circuit,default.qubit,2,2,2540,16,1,circuit_forward,9,0.005773500
backend,batch100|lightning.qubit,circuit,lightning.qubit,4,2,100,32,2,circuit_forward,9,0.100144800
backend,wide|default.qubit,circuit,default.qubit,6,2,2540,48,2,circuit_forward,9,0.028285300
backend,batch1000|lightning.qubit,circuit,lightning.qubit,4,2,1000,32,1,circuit_forward,9,0.583967700
backend,batch100|default.qubit,circuit,default.qubit,4,2,100,32,1,circuit_forward,9,0.007629100
backend,batch5000|default.qubit,circuit,default.qubit,4,2,5000,32,0,circuit_forward,9,0.017126300
backend,batch100|default.qubit,circuit,default.qubit,4,2,100,32,0,circuit_forward,9,0.008871900
backend,baseline|default.qubit,circuit,default.qubit,4,2,2540,32,1,circuit_forward,9,0.014695100
backend,baseline|default.qubit,circuit,default.qubit,4,2,2540,32,0,circuit_forward,9,0.013062300
backend,batch100|lightning.qubit,circuit,lightning.qubit,4,2,100,32,1,circuit_forward,9,0.100991900
backend,batch2540|lightning.qubit,circuit,lightning.qubit,4,2,2540,32,1,circuit_forward,9,1.511714200
backend,batch5000|default.qubit,circuit,default.qubit,4,2,5000,32,1,circuit_forward,9,0.018618500
backend,batch2540|default.qubit,circuit,default.qubit,4,2,2540,32,1,circuit_forward,9,0.014606700
backend,baseline|lightning.qubit,circuit,lightning.qubit,4,2,2540,32,0,circuit_forward,9,1.532439700
backend,narrow|default.qubit,circuit,default.qubit,2,2,2540,16,0,circuit_forward,9,0.006803100
backend,batch2540|lightning.qubit,circuit,lightning.qubit,4,2,2540,32,0,circuit_forward,9,1.514674900
backend,batch500|lightning.qubit,circuit,lightning.qubit,4,2,500,32,0,circuit_forward,9,0.302527700
backend,batch100|default.qubit,circuit,default.qubit,4,2,100,32,2,circuit_forward,9,0.007833300
backend,baseline|lightning.qubit,circuit,lightning.qubit,4,2,2540,32,2,circuit_forward,9,1.495879300
backend,batch500|default.qubit,circuit,default.qubit,4,2,500,32,1,circuit_forward,9,0.010136100
backend,batch500|lightning.qubit,circuit,lightning.qubit,4,2,500,32,2,circuit_forward,9,0.304597700
backend,deep|default.qubit,circuit,default.qubit,4,4,2540,64,2,circuit_forward,9,0.021847600
backend,batch500|lightning.qubit,circuit,lightning.qubit,4,2,500,32,1,circuit_forward,9,0.326347200
backend,baseline|lightning.qubit,circuit,lightning.qubit,4,2,2540,32,1,circuit_forward,9,1.499375000
backend,batch1000|default.qubit,circuit,default.qubit,4,2,1000,32,2,circuit_forward,9,0.011776100
backend,narrow|lightning.qubit,circuit,lightning.qubit,2,2,2540,16,0,circuit_forward,9,0.779040500
backend,baseline|default.qubit,circuit,default.qubit,4,2,2540,32,2,circuit_forward,9,0.013613500
backend,batch5000|default.qubit,circuit,default.qubit,4,2,5000,32,2,circuit_forward,9,0.016262300
backend,batch1000|default.qubit,circuit,default.qubit,4,2,1000,32,0,circuit_forward,9,0.012310800
backend,batch500|default.qubit,circuit,default.qubit,4,2,500,32,0,circuit_forward,10,0.010865400
backend,batch1000|default.qubit,circuit,default.qubit,4,2,1000,32,1,circuit_forward,10,0.012190400
backend,narrow|default.qubit,circuit,default.qubit,2,2,2540,16,0,circuit_forward,10,0.005600900
backend,baseline|default.qubit,circuit,default.qubit,4,2,2540,32,2,circuit_forward,10,0.012909800
backend,baseline|default.qubit,circuit,default.qubit,4,2,2540,32,1,circuit_forward,10,0.014301000
backend,batch2540|default.qubit,circuit,default.qubit,4,2,2540,32,2,circuit_forward,10,0.014076600
backend,narrow|default.qubit,circuit,default.qubit,2,2,2540,16,1,circuit_forward,10,0.005440000
backend,batch2540|default.qubit,circuit,default.qubit,4,2,2540,32,0,circuit_forward,10,0.014031800
backend,batch100|default.qubit,circuit,default.qubit,4,2,100,32,1,circuit_forward,10,0.007887200
backend,batch5000|default.qubit,circuit,default.qubit,4,2,5000,32,0,circuit_forward,10,0.016084400
backend,batch100|default.qubit,circuit,default.qubit,4,2,100,32,0,circuit_forward,10,0.009015100
backend,deep|default.qubit,circuit,default.qubit,4,4,2540,64,0,circuit_forward,10,0.024104600
backend,batch100|default.qubit,circuit,default.qubit,4,2,100,32,2,circuit_forward,10,0.008261900
backend,batch1000|default.qubit,circuit,default.qubit,4,2,1000,32,0,circuit_forward,10,0.012347900
backend,batch1000|default.qubit,circuit,default.qubit,4,2,1000,32,2,circuit_forward,10,0.012265400
backend,batch5000|default.qubit,circuit,default.qubit,4,2,5000,32,1,circuit_forward,10,0.016208600
backend,batch5000|default.qubit,circuit,default.qubit,4,2,5000,32,2,circuit_forward,10,0.016015700
backend,wide|default.qubit,circuit,default.qubit,6,2,2540,48,0,circuit_forward,10,0.027134800
backend,narrow|default.qubit,circuit,default.qubit,2,2,2540,16,2,circuit_forward,10,0.005456600
backend,baseline|default.qubit,circuit,default.qubit,4,2,2540,32,0,circuit_forward,10,0.013937200
backend,deep|default.qubit,circuit,default.qubit,4,4,2540,64,2,circuit_forward,10,0.023327700
backend,batch500|default.qubit,circuit,default.qubit,4,2,500,32,2,circuit_forward,10,0.011001700
backend,deep|default.qubit,circuit,default.qubit,4,4,2540,64,1,circuit_forward,10,0.023652700
backend,batch2540|default.qubit,circuit,default.qubit,4,2,2540,32,1,circuit_forward,10,0.014282700
backend,wide|default.qubit,circuit,default.qubit,6,2,2540,48,1,circuit_forward,10,0.027353600
backend,batch500|default.qubit,circuit,default.qubit,4,2,500,32,1,circuit_forward,10,0.011362900
backend,wide|default.qubit,circuit,default.qubit,6,2,2540,48,2,circuit_forward,10,0.030487300
backend,batch5000|default.qubit,circuit,default.qubit,4,2,5000,32,1,circuit_forward,11,0.021076400
backend,batch100|default.qubit,circuit,default.qubit,4,2,100,32,2,circuit_forward,11,0.008891600
backend,baseline|default.qubit,circuit,default.qubit,4,2,2540,32,0,circuit_forward,11,0.013926900
backend,batch2540|default.qubit,circuit,default.qubit,4,2,2540,32,0,circuit_forward,11,0.014165600
backend,wide|default.qubit,circuit,default.qubit,6,2,2540,48,1,circuit_forward,11,0.029856300
backend,batch5000|default.qubit,circuit,default.qubit,4,2,5000,32,2,circuit_forward,11,0.016094600
backend,batch2540|default.qubit,circuit,default.qubit,4,2,2540,32,2,circuit_forward,11,0.014288600
backend,batch100|default.qubit,circuit,default.qubit,4,2,100,32,0,circuit_forward,11,0.008837000
backend,deep|default.qubit,circuit,default.qubit,4,4,2540,64,0,circuit_forward,11,0.022980500
backend,wide|default.qubit,circuit,default.qubit,6,2,2540,48,2,circuit_forward,11,0.029380600
backend,baseline|default.qubit,circuit,default.qubit,4,2,2540,32,2,circuit_forward,11,0.013961000
backend,narrow|default.qubit,circuit,default.qubit,2,2,2540,16,0,circuit_forward,11,0.006315800
backend,batch500|default.qubit,circuit,default.qubit,4,2,500,32,1,circuit_forward,11,0.010963000
backend,deep|default.qubit,circuit,default.qubit,4,4,2540,64,1,circuit_forward,11,0.022969200
backend,batch1000|default.qubit,circuit,default.qubit,4,2,1000,32,0,circuit_forward,11,0.011490200
backend,batch100|default.qubit,circuit,default.qubit,4,2,100,32,1,circuit_forward,11,0.009077800
backend,batch1000|default.qubit,circuit,default.qubit,4,2,1000,32,2,circuit_forward,11,0.011828300
backend,deep|default.qubit,circuit,default.qubit,4,4,2540,64,2,circuit_forward,11,0.024527800
backend,batch1000|default.qubit,circuit,default.qubit,4,2,1000,32,1,circuit_forward,11,0.012334700
backend,wide|default.qubit,circuit,default.qubit,6,2,2540,48,0,circuit_forward,11,0.029579600
backend,baseline|default.qubit,circuit,default.qubit,4,2,2540,32,1,circuit_forward,11,0.013401500
backend,batch5000|default.qubit,circuit,default.qubit,4,2,5000,32,0,circuit_forward,11,0.015237000
backend,narrow|default.qubit,circuit,default.qubit,2,2,2540,16,2,circuit_forward,11,0.006938300
backend,batch2540|default.qubit,circuit,default.qubit,4,2,2540,32,1,circuit_forward,11,0.014621500
backend,narrow|default.qubit,circuit,default.qubit,2,2,2540,16,1,circuit_forward,11,0.006420400
backend,batch500|default.qubit,circuit,default.qubit,4,2,500,32,0,circuit_forward,11,0.011034600
backend,batch500|default.qubit,circuit,default.qubit,4,2,500,32,2,circuit_forward,11,0.010430400
backend,deep|default.qubit,circuit,default.qubit,4,4,2540,64,0,circuit_forward,12,0.024519100
backend,batch2540|default.qubit,circuit,default.qubit,4,2,2540,32,2,circuit_forward,12,0.013873900
backend,wide|default.qubit,circuit,default.qubit,6,2,2540,48,2,circuit_forward,12,0.028737700
backend,batch1000|default.qubit,circuit,default.qubit,4,2,1000,32,0,circuit_forward,12,0.012717300
backend,batch5000|default.qubit,circuit,default.qubit,4,2,5000,32,0,circuit_forward,12,0.016155300
backend,batch1000|default.qubit,circuit,default.qubit,4,2,1000,32,2,circuit_forward,12,0.012400500
backend,batch500|default.qubit,circuit,default.qubit,4,2,500,32,0,circuit_forward,12,0.011029100
backend,baseline|default.qubit,circuit,default.qubit,4,2,2540,32,1,circuit_forward,12,0.013781400
backend,narrow|default.qubit,circuit,default.qubit,2,2,2540,16,1,circuit_forward,12,0.006675500
backend,narrow|default.qubit,circuit,default.qubit,2,2,2540,16,2,circuit_forward,12,0.006442100
backend,batch500|default.qubit,circuit,default.qubit,4,2,500,32,2,circuit_forward,12,0.009870800
backend,batch2540|default.qubit,circuit,default.qubit,4,2,2540,32,1,circuit_forward,12,0.013813100
backend,batch5000|default.qubit,circuit,default.qubit,4,2,5000,32,1,circuit_forward,12,0.020717600
backend,narrow|default.qubit,circuit,default.qubit,2,2,2540,16,0,circuit_forward,12,0.007123700
backend,batch2540|default.qubit,circuit,default.qubit,4,2,2540,32,0,circuit_forward,12,0.012221300
backend,deep|default.qubit,circuit,default.qubit,4,4,2540,64,1,circuit_forward,12,0.023204900
backend,batch500|default.qubit,circuit,default.qubit,4,2,500,32,1,circuit_forward,12,0.011097400
backend,baseline|default.qubit,circuit,default.qubit,4,2,2540,32,0,circuit_forward,12,0.013852300
backend,batch100|default.qubit,circuit,default.qubit,4,2,100,32,1,circuit_forward,12,0.008823000
backend,wide|default.qubit,circuit,default.qubit,6,2,2540,48,1,circuit_forward,12,0.027927200
backend,batch5000|default.qubit,circuit,default.qubit,4,2,5000,32,2,circuit_forward,12,0.016019900
backend,deep|default.qubit,circuit,default.qubit,4,4,2540,64,2,circuit_forward,12,0.023565800
backend,wide|default.qubit,circuit,default.qubit,6,2,2540,48,0,circuit_forward,12,0.028922700
backend,batch100|default.qubit,circuit,default.qubit,4,2,100,32,2,circuit_forward,12,0.009076500
backend,baseline|default.qubit,circuit,default.qubit,4,2,2540,32,2,circuit_forward,12,0.012580200
backend,batch1000|default.qubit,circuit,default.qubit,4,2,1000,32,1,circuit_forward,12,0.010814300
backend,batch100|default.qubit,circuit,default.qubit,4,2,100,32,0,circuit_forward,12,0.008755200
backend,wide|default.qubit,circuit,default.qubit,6,2,2540,48,1,circuit_forward,13,0.028908700
backend,batch2540|default.qubit,circuit,default.qubit,4,2,2540,32,1,circuit_forward,13,0.014901700
backend,batch100|default.qubit,circuit,default.qubit,4,2,100,32,1,circuit_forward,13,0.007342700
backend,wide|default.qubit,circuit,default.qubit,6,2,2540,48,0,circuit_forward,13,0.028123100
backend,batch500|default.qubit,circuit,default.qubit,4,2,500,32,0,circuit_forward,13,0.009340500
backend,batch2540|default.qubit,circuit,default.qubit,4,2,2540,32,0,circuit_forward,13,0.013449200
backend,narrow|default.qubit,circuit,default.qubit,2,2,2540,16,0,circuit_forward,13,0.006412300
backend,batch5000|default.qubit,circuit,default.qubit,4,2,5000,32,1,circuit_forward,13,0.017475100
backend,batch5000|default.qubit,circuit,default.qubit,4,2,5000,32,0,circuit_forward,13,0.016502600
backend,deep|default.qubit,circuit,default.qubit,4,4,2540,64,2,circuit_forward,13,0.023825300
backend,narrow|default.qubit,circuit,default.qubit,2,2,2540,16,2,circuit_forward,13,0.006634800
backend,batch500|default.qubit,circuit,default.qubit,4,2,500,32,2,circuit_forward,13,0.011077300
backend,deep|default.qubit,circuit,default.qubit,4,4,2540,64,1,circuit_forward,13,0.022768800
backend,batch1000|default.qubit,circuit,default.qubit,4,2,1000,32,0,circuit_forward,13,0.011649500
backend,wide|default.qubit,circuit,default.qubit,6,2,2540,48,2,circuit_forward,13,0.028423200
backend,batch100|default.qubit,circuit,default.qubit,4,2,100,32,0,circuit_forward,13,0.009577900
backend,narrow|default.qubit,circuit,default.qubit,2,2,2540,16,1,circuit_forward,13,0.005978800
backend,batch100|default.qubit,circuit,default.qubit,4,2,100,32,2,circuit_forward,13,0.008988300
backend,baseline|default.qubit,circuit,default.qubit,4,2,2540,32,1,circuit_forward,13,0.013833500
backend,batch500|default.qubit,circuit,default.qubit,4,2,500,32,1,circuit_forward,13,0.011338800
backend,baseline|default.qubit,circuit,default.qubit,4,2,2540,32,2,circuit_forward,13,0.020591700
backend,baseline|default.qubit,circuit,default.qubit,4,2,2540,32,0,circuit_forward,13,0.014724300
backend,deep|default.qubit,circuit,default.qubit,4,4,2540,64,0,circuit_forward,13,0.023151800
backend,batch1000|default.qubit,circuit,default.qubit,4,2,1000,32,1,circuit_forward,13,0.011662800
backend,batch5000|default.qubit,circuit,default.qubit,4,2,5000,32,2,circuit_forward,13,0.015075700
backend,batch1000|default.qubit,circuit,default.qubit,4,2,1000,32,2,circuit_forward,13,0.011337900
backend,batch2540|default.qubit,circuit,default.qubit,4,2,2540,32,2,circuit_forward,13,0.014251600
backend,batch500|default.qubit,circuit,default.qubit,4,2,500,32,0,circuit_forward,14,0.010419800
backend,batch500|default.qubit,circuit,default.qubit,4,2,500,32,2,circuit_forward,14,0.009853600
backend,narrow|default.qubit,circuit,default.qubit,2,2,2540,16,1,circuit_forward,14,0.005702100
backend,batch1000|default.qubit,circuit,default.qubit,4,2,1000,32,2,circuit_forward,14,0.013272300
backend,deep|default.qubit,circuit,default.qubit,4,4,2540,64,0,circuit_forward,14,0.022991200
backend,batch500|default.qubit,circuit,default.qubit,4,2,500,32,1,circuit_forward,14,0.011068200
backend,narrow|default.qubit,circuit,default.qubit,2,2,2540,16,2,circuit_forward,14,0.006431000
backend,batch100|default.qubit,circuit,default.qubit,4,2,100,32,0,circuit_forward,14,0.007448100
backend,batch100|default.qubit,circuit,default.qubit,4,2,100,32,1,circuit_forward,14,0.007451000
backend,batch5000|default.qubit,circuit,default.qubit,4,2,5000,32,1,circuit_forward,14,0.017909300
backend,batch5000|default.qubit,circuit,default.qubit,4,2,5000,32,2,circuit_forward,14,0.017441400
backend,baseline|default.qubit,circuit,default.qubit,4,2,2540,32,2,circuit_forward,14,0.014692600
backend,baseline|default.qubit,circuit,default.qubit,4,2,2540,32,1,circuit_forward,14,0.014583400
backend,deep|default.qubit,circuit,default.qubit,4,4,2540,64,1,circuit_forward,14,0.021405600
backend,deep|default.qubit,circuit,default.qubit,4,4,2540,64,2,circuit_forward,14,0.023986900
backend,batch2540|default.qubit,circuit,default.qubit,4,2,2540,32,0,circuit_forward,14,0.013694400
backend,batch1000|default.qubit,circuit,default.qubit,4,2,1000,32,0,circuit_forward,14,0.012406900
backend,batch2540|default.qubit,circuit,default.qubit,4,2,2540,32,1,circuit_forward,14,0.014323400
backend,narrow|default.qubit,circuit,default.qubit,2,2,2540,16,0,circuit_forward,14,0.006262200
backend,batch5000|default.qubit,circuit,default.qubit,4,2,5000,32,0,circuit_forward,14,0.016278100
backend,batch1000|default.qubit,circuit,default.qubit,4,2,1000,32,1,circuit_forward,14,0.013255100
backend,batch100|default.qubit,circuit,default.qubit,4,2,100,32,2,circuit_forward,14,0.008940400
backend,baseline|default.qubit,circuit,default.qubit,4,2,2540,32,0,circuit_forward,14,0.013882700
backend,wide|default.qubit,circuit,default.qubit,6,2,2540,48,0,circuit_forward,14,0.027469500
backend,wide|default.qubit,circuit,default.qubit,6,2,2540,48,2,circuit_forward,14,0.030046900
backend,batch2540|default.qubit,circuit,default.qubit,4,2,2540,32,2,circuit_forward,14,0.013978500
backend,wide|default.qubit,circuit,default.qubit,6,2,2540,48,1,circuit_forward,14,0.027444300
backend,batch5000|default.qubit,circuit,default.qubit,4,2,5000,32,0,circuit_forward,15,0.016435200
backend,narrow|default.qubit,circuit,default.qubit,2,2,2540,16,2,circuit_forward,15,0.005646100
backend,batch1000|default.qubit,circuit,default.qubit,4,2,1000,32,2,circuit_forward,15,0.012706800
backend,batch2540|default.qubit,circuit,default.qubit,4,2,2540,32,0,circuit_forward,15,0.014938500
backend,narrow|default.qubit,circuit,default.qubit,2,2,2540,16,1,circuit_forward,15,0.005511400
backend,batch1000|default.qubit,circuit,default.qubit,4,2,1000,32,0,circuit_forward,15,0.012304100
backend,batch2540|default.qubit,circuit,default.qubit,4,2,2540,32,2,circuit_forward,15,0.012643100
backend,batch5000|default.qubit,circuit,default.qubit,4,2,5000,32,1,circuit_forward,15,0.016784500
backend,wide|default.qubit,circuit,default.qubit,6,2,2540,48,2,circuit_forward,15,0.029407600
backend,batch2540|default.qubit,circuit,default.qubit,4,2,2540,32,1,circuit_forward,15,0.013919600
backend,deep|default.qubit,circuit,default.qubit,4,4,2540,64,1,circuit_forward,15,0.022284500
backend,batch500|default.qubit,circuit,default.qubit,4,2,500,32,0,circuit_forward,15,0.011155000
backend,baseline|default.qubit,circuit,default.qubit,4,2,2540,32,0,circuit_forward,15,0.013820100
backend,batch100|default.qubit,circuit,default.qubit,4,2,100,32,2,circuit_forward,15,0.007529500
backend,wide|default.qubit,circuit,default.qubit,6,2,2540,48,1,circuit_forward,15,0.027683000
backend,baseline|default.qubit,circuit,default.qubit,4,2,2540,32,1,circuit_forward,15,0.012463100
backend,batch1000|default.qubit,circuit,default.qubit,4,2,1000,32,1,circuit_forward,15,0.011395900
backend,deep|default.qubit,circuit,default.qubit,4,4,2540,64,2,circuit_forward,15,0.023677200
backend,baseline|default.qubit,circuit,default.qubit,4,2,2540,32,2,circuit_forward,15,0.013689400
backend,batch500|default.qubit,circuit,default.qubit,4,2,500,32,2,circuit_forward,15,0.011150300
backend,batch500|default.qubit,circuit,default.qubit,4,2,500,32,1,circuit_forward,15,0.009513800
backend,narrow|default.qubit,circuit,default.qubit,2,2,2540,16,0,circuit_forward,15,0.006849800
backend,batch100|default.qubit,circuit,default.qubit,4,2,100,32,0,circuit_forward,15,0.008873200
backend,batch5000|default.qubit,circuit,default.qubit,4,2,5000,32,2,circuit_forward,15,0.015756300
backend,deep|default.qubit,circuit,default.qubit,4,4,2540,64,0,circuit_forward,15,0.023147600
backend,wide|default.qubit,circuit,default.qubit,6,2,2540,48,0,circuit_forward,15,0.027644000
backend,batch100|default.qubit,circuit,default.qubit,4,2,100,32,1,circuit_forward,15,0.008906500
backend,batch5000|default.qubit,circuit,default.qubit,4,2,5000,32,0,circuit_forward,16,0.017249100
backend,wide|default.qubit,circuit,default.qubit,6,2,2540,48,2,circuit_forward,16,0.027095000
backend,narrow|default.qubit,circuit,default.qubit,2,2,2540,16,2,circuit_forward,16,0.005884200
backend,deep|default.qubit,circuit,default.qubit,4,4,2540,64,1,circuit_forward,16,0.023576500
backend,deep|default.qubit,circuit,default.qubit,4,4,2540,64,2,circuit_forward,16,0.023245900
backend,batch2540|default.qubit,circuit,default.qubit,4,2,2540,32,1,circuit_forward,16,0.015267500
backend,baseline|default.qubit,circuit,default.qubit,4,2,2540,32,1,circuit_forward,16,0.014392600
backend,batch1000|default.qubit,circuit,default.qubit,4,2,1000,32,2,circuit_forward,16,0.012561100
backend,batch500|default.qubit,circuit,default.qubit,4,2,500,32,0,circuit_forward,16,0.011296500
backend,batch5000|default.qubit,circuit,default.qubit,4,2,5000,32,1,circuit_forward,16,0.015753600
backend,baseline|default.qubit,circuit,default.qubit,4,2,2540,32,0,circuit_forward,16,0.012134700
backend,batch1000|default.qubit,circuit,default.qubit,4,2,1000,32,1,circuit_forward,16,0.011486300
backend,batch500|default.qubit,circuit,default.qubit,4,2,500,32,1,circuit_forward,16,0.010888200
backend,batch5000|default.qubit,circuit,default.qubit,4,2,5000,32,2,circuit_forward,16,0.016352000
backend,batch100|default.qubit,circuit,default.qubit,4,2,100,32,1,circuit_forward,16,0.009050300
backend,batch2540|default.qubit,circuit,default.qubit,4,2,2540,32,0,circuit_forward,16,0.015040600
backend,batch2540|default.qubit,circuit,default.qubit,4,2,2540,32,2,circuit_forward,16,0.013667800
backend,wide|default.qubit,circuit,default.qubit,6,2,2540,48,1,circuit_forward,16,0.029658900
backend,narrow|default.qubit,circuit,default.qubit,2,2,2540,16,1,circuit_forward,16,0.006429600
backend,batch100|default.qubit,circuit,default.qubit,4,2,100,32,2,circuit_forward,16,0.008821700
backend,deep|default.qubit,circuit,default.qubit,4,4,2540,64,0,circuit_forward,16,0.020407800
backend,batch500|default.qubit,circuit,default.qubit,4,2,500,32,2,circuit_forward,16,0.010689900
backend,narrow|default.qubit,circuit,default.qubit,2,2,2540,16,0,circuit_forward,16,0.006060300
backend,batch1000|default.qubit,circuit,default.qubit,4,2,1000,32,0,circuit_forward,16,0.012378000
backend,batch100|default.qubit,circuit,default.qubit,4,2,100,32,0,circuit_forward,16,0.008864200
backend,baseline|default.qubit,circuit,default.qubit,4,2,2540,32,2,circuit_forward,16,0.013651500
backend,wide|default.qubit,circuit,default.qubit,6,2,2540,48,0,circuit_forward,16,0.024208900
backend,batch2540|default.qubit,circuit,default.qubit,4,2,2540,32,0,circuit_forward,17,0.013673200
backend,narrow|default.qubit,circuit,default.qubit,2,2,2540,16,0,circuit_forward,17,0.005803400
backend,batch100|default.qubit,circuit,default.qubit,4,2,100,32,2,circuit_forward,17,0.008936000
backend,batch100|default.qubit,circuit,default.qubit,4,2,100,32,0,circuit_forward,17,0.008145100
backend,deep|default.qubit,circuit,default.qubit,4,4,2540,64,1,circuit_forward,17,0.023013700
backend,baseline|default.qubit,circuit,default.qubit,4,2,2540,32,0,circuit_forward,17,0.014433200
backend,batch500|default.qubit,circuit,default.qubit,4,2,500,32,1,circuit_forward,17,0.011469300
backend,batch2540|default.qubit,circuit,default.qubit,4,2,2540,32,1,circuit_forward,17,0.014234000
backend,wide|default.qubit,circuit,default.qubit,6,2,2540,48,1,circuit_forward,17,0.027458200
backend,batch5000|default.qubit,circuit,default.qubit,4,2,5000,32,0,circuit_forward,17,0.016564000
backend,batch1000|default.qubit,circuit,default.qubit,4,2,1000,32,1,circuit_forward,17,0.012401600
backend,batch500|default.qubit,circuit,default.qubit,4,2,500,32,2,circuit_forward,17,0.009789700
backend,batch100|default.qubit,circuit,default.qubit,4,2,100,32,1,circuit_forward,17,0.007187700
backend,baseline|default.qubit,circuit,default.qubit,4,2,2540,32,2,circuit_forward,17,0.018452300
backend,batch1000|default.qubit,circuit,default.qubit,4,2,1000,32,0,circuit_forward,17,0.012476000
backend,deep|default.qubit,circuit,default.qubit,4,4,2540,64,2,circuit_forward,17,0.022035000
backend,batch2540|default.qubit,circuit,default.qubit,4,2,2540,32,2,circuit_forward,17,0.013363100
backend,batch1000|default.qubit,circuit,default.qubit,4,2,1000,32,2,circuit_forward,17,0.012469500
backend,deep|default.qubit,circuit,default.qubit,4,4,2540,64,0,circuit_forward,17,0.023187700
backend,wide|default.qubit,circuit,default.qubit,6,2,2540,48,0,circuit_forward,17,0.028284600
backend,narrow|default.qubit,circuit,default.qubit,2,2,2540,16,2,circuit_forward,17,0.006469100
backend,batch500|default.qubit,circuit,default.qubit,4,2,500,32,0,circuit_forward,17,0.010661000
backend,baseline|default.qubit,circuit,default.qubit,4,2,2540,32,1,circuit_forward,17,0.013700600
backend,wide|default.qubit,circuit,default.qubit,6,2,2540,48,2,circuit_forward,17,0.027069700
backend,batch5000|default.qubit,circuit,default.qubit,4,2,5000,32,1,circuit_forward,17,0.018171600
backend,batch5000|default.qubit,circuit,default.qubit,4,2,5000,32,2,circuit_forward,17,0.018168900
backend,narrow|default.qubit,circuit,default.qubit,2,2,2540,16,1,circuit_forward,17,0.006350900
backend,batch5000|default.qubit,circuit,default.qubit,4,2,5000,32,0,circuit_forward,18,0.016565700
backend,batch2540|default.qubit,circuit,default.qubit,4,2,2540,32,1,circuit_forward,18,0.014040800
backend,batch500|default.qubit,circuit,default.qubit,4,2,500,32,1,circuit_forward,18,0.009341900
backend,batch1000|default.qubit,circuit,default.qubit,4,2,1000,32,2,circuit_forward,18,0.010701900
backend,batch500|default.qubit,circuit,default.qubit,4,2,500,32,2,circuit_forward,18,0.011060800
backend,deep|default.qubit,circuit,default.qubit,4,4,2540,64,2,circuit_forward,18,0.023612700
backend,wide|default.qubit,circuit,default.qubit,6,2,2540,48,1,circuit_forward,18,0.027863100
backend,batch2540|default.qubit,circuit,default.qubit,4,2,2540,32,0,circuit_forward,18,0.014442100
backend,deep|default.qubit,circuit,default.qubit,4,4,2540,64,0,circuit_forward,18,0.022510300
backend,baseline|default.qubit,circuit,default.qubit,4,2,2540,32,0,circuit_forward,18,0.014269300
backend,batch500|default.qubit,circuit,default.qubit,4,2,500,32,0,circuit_forward,18,0.011075300
backend,baseline|default.qubit,circuit,default.qubit,4,2,2540,32,1,circuit_forward,18,0.014256400
backend,batch1000|default.qubit,circuit,default.qubit,4,2,1000,32,1,circuit_forward,18,0.012552600
backend,batch1000|default.qubit,circuit,default.qubit,4,2,1000,32,0,circuit_forward,18,0.011691500
backend,narrow|default.qubit,circuit,default.qubit,2,2,2540,16,2,circuit_forward,18,0.006477600
backend,wide|default.qubit,circuit,default.qubit,6,2,2540,48,2,circuit_forward,18,0.028612900
backend,batch2540|default.qubit,circuit,default.qubit,4,2,2540,32,2,circuit_forward,18,0.012962300
backend,batch5000|default.qubit,circuit,default.qubit,4,2,5000,32,1,circuit_forward,18,0.016657600
backend,narrow|default.qubit,circuit,default.qubit,2,2,2540,16,1,circuit_forward,18,0.006586500
backend,batch100|default.qubit,circuit,default.qubit,4,2,100,32,1,circuit_forward,18,0.009333500
backend,batch5000|default.qubit,circuit,default.qubit,4,2,5000,32,2,circuit_forward,18,0.021977300
backend,batch100|default.qubit,circuit,default.qubit,4,2,100,32,2,circuit_forward,18,0.008208000
backend,wide|default.qubit,circuit,default.qubit,6,2,2540,48,0,circuit_forward,18,0.027604600
backend,deep|default.qubit,circuit,default.qubit,4,4,2540,64,1,circuit_forward,18,0.023110200
backend,narrow|default.qubit,circuit,default.qubit,2,2,2540,16,0,circuit_forward,18,0.006487000
backend,baseline|default.qubit,circuit,default.qubit,4,2,2540,32,2,circuit_forward,18,0.013577100
backend,batch100|default.qubit,circuit,default.qubit,4,2,100,32,0,circuit_forward,18,0.008869900
backend,wide|default.qubit,circuit,default.qubit,6,2,2540,48,2,circuit_forward,19,0.027655000
backend,batch100|default.qubit,circuit,default.qubit,4,2,100,32,2,circuit_forward,19,0.008865200
backend,batch5000|default.qubit,circuit,default.qubit,4,2,5000,32,2,circuit_forward,19,0.016434100
backend,batch2540|default.qubit,circuit,default.qubit,4,2,2540,32,2,circuit_forward,19,0.014304100
backend,batch2540|default.qubit,circuit,default.qubit,4,2,2540,32,1,circuit_forward,19,0.014049900
backend,narrow|default.qubit,circuit,default.qubit,2,2,2540,16,2,circuit_forward,19,0.006813600
backend,deep|default.qubit,circuit,default.qubit,4,4,2540,64,1,circuit_forward,19,0.023802400
backend,batch1000|default.qubit,circuit,default.qubit,4,2,1000,32,2,circuit_forward,19,0.012645700
backend,deep|default.qubit,circuit,default.qubit,4,4,2540,64,2,circuit_forward,19,0.023652600
backend,batch2540|default.qubit,circuit,default.qubit,4,2,2540,32,0,circuit_forward,19,0.014154300
backend,batch5000|default.qubit,circuit,default.qubit,4,2,5000,32,1,circuit_forward,19,0.017298000
backend,baseline|default.qubit,circuit,default.qubit,4,2,2540,32,2,circuit_forward,19,0.015387700
backend,batch5000|default.qubit,circuit,default.qubit,4,2,5000,32,0,circuit_forward,19,0.014745800
backend,baseline|default.qubit,circuit,default.qubit,4,2,2540,32,0,circuit_forward,19,0.013619800
backend,batch100|default.qubit,circuit,default.qubit,4,2,100,32,0,circuit_forward,19,0.009032800
backend,deep|default.qubit,circuit,default.qubit,4,4,2540,64,0,circuit_forward,19,0.022761400
backend,batch500|default.qubit,circuit,default.qubit,4,2,500,32,0,circuit_forward,19,0.009270500
backend,wide|default.qubit,circuit,default.qubit,6,2,2540,48,0,circuit_forward,19,0.026629000
backend,batch1000|default.qubit,circuit,default.qubit,4,2,1000,32,1,circuit_forward,19,0.012368100
backend,narrow|default.qubit,circuit,default.qubit,2,2,2540,16,1,circuit_forward,19,0.006486700
backend,wide|default.qubit,circuit,default.qubit,6,2,2540,48,1,circuit_forward,19,0.027932300
backend,batch1000|default.qubit,circuit,default.qubit,4,2,1000,32,0,circuit_forward,19,0.011123800
backend,batch500|default.qubit,circuit,default.qubit,4,2,500,32,1,circuit_forward,19,0.010987800
backend,baseline|default.qubit,circuit,default.qubit,4,2,2540,32,1,circuit_forward,19,0.012826100
backend,batch500|default.qubit,circuit,default.qubit,4,2,500,32,2,circuit_forward,19,0.011062700
backend,batch100|default.qubit,circuit,default.qubit,4,2,100,32,1,circuit_forward,19,0.007133900
backend,narrow|default.qubit,circuit,default.qubit,2,2,2540,16,0,circuit_forward,19,0.006724300
