scenario,config,seed,mae,l2,pde,kz_err,time
DE_Dir_FWD,classical,0,0.000223951965370518,0.0004494952388852338,0.0010256367968395352,,69.93876504898071
DE_Dir_FWD,classical,1,0.00014639016468542926,0.00028299623824497777,0.0007448461255989969,,63.65753483772278
DE_Dir_FWD,classical,2,0.00014272060432012808,0.0002894639478608701,0.0005961008137091994,,63.431021213531494
DE_Dir_FWD,baseline,0,0.0003397369971898517,0.0006889888437970111,0.001154937781393528,,5197.513702869415
DE_Dir_FWD,baseline,1,0.0006549549642299214,0.001331675125256077,0.0020378248300403357,,5246.36846613884
DE_Dir_FWD,baseline,2,0.0005709299999244076,0.0011429823926957041,0.002104099141433835,,5327.531432151794
DE_Dir_FWD,small_init,0,0.00035954842939042557,0.0007375723350983417,0.0011597519041970372,,5176.407541036606
DE_Dir_FWD,small_init,1,0.0004453076092873257,0.000886631221800143,0.0013414471177384257,,5196.857698917389
DE_Dir_FWD,small_init,2,0.0005048635754683285,0.0010196622018109108,0.0017314082942903042,,4918.398994922638
DE_Dir_FWD,slow_decay,0,0.0003492998691965118,0.0007167614266721474,0.0011645577615126967,,5026.829255104065
DE_Dir_FWD,slow_decay,1,0.0021477060740863786,0.004119985818755212,0.001997243380174041,,5076.873605012894
DE_Dir_FWD,slow_decay,2,0.000556628938314173,0.0011397004175280325,0.002096994547173381,,5011.5615401268005
DE_Rob_INV,classical,0,0.00010719685279978403,8.702927110539076e-05,0.00027137912153699973,4.514711076583633e-06,387.4464521408081
DE_Rob_INV,classical,1,6.808104045567439e-05,5.624872072579992e-05,0.0002809401883717114,6.486195165966713e-07,416.49913907051086
DE_Rob_INV,classical,2,6.194132152675907e-05,5.2793139930876085e-05,0.00025746397503938765,1.0130984041054059e-06,396.8071880340576
DE_Rob_INV,baseline,0,0.00029233647151633837,0.0002477518419401243,0.0010514178616295147,3.6134190425918256e-06,15676.413223981857
DE_Rob_INV,baseline,1,0.0005183123494020863,0.00043311279917985606,0.0012833055410520354,2.749880615345729e-05,14750.523782968521
DE_Rob_INV,baseline,2,0.0010670730989017602,0.0009647103016826818,0.0018659721343789472,5.8069221209065824e-05,14340.827462911606
DE_Rob_INV,small_init,0,0.0004988028302069158,0.00040402779806924513,0.0013839586161940596,2.8388259761168155e-05,15079.798127174377
DE_Rob_INV,small_init,1,0.0009348753718581255,0.0007445458404966535,0.002084559568785362,5.765877266766112e-05,15130.963527917862
DE_Rob_INV,small_init,2,0.0003924886195495261,0.00033813401596214385,0.0014091886254579769,8.194853214883724e-06,15189.790296077728
DE_Rob_INV,slow_decay,0,0.0009124971799792278,0.0007479915933687728,0.0013570146688150037,2.0861812151475034e-05,14562.49589920044
DE_Rob_INV,slow_decay,1,0.0015577818969376009,0.0010962699714662984,0.0016205887712985674,4.594875943370047e-06,14848.615795135498
DE_Rob_INV,slow_decay,2,0.0008420734547152527,0.0007281128330199494,0.0018053911803090675,5.2169914096254766e-05,14864.43052983284
