scenario,model,mae_mean,mae_std,l2_mean,l2_std,pde_mean,pde_std,time_mean,kz_mean,kz_std
DE_Dir_FWD,classical,0.00012736613421817373,0.0,0.00025713173139685043,0.0,0.0006132206763140857,0.0,36.21907830238342,,
DE_Dir_FWD,quantum,0.00033977210439779776,0.0,0.0006890210825065385,0.0,0.0011550352210178971,0.0,2790.614230155945,,
DE_Neum_FWD,classical,0.0001850250211591103,0.0,0.0004012148583124779,0.0,0.0007088473648764193,0.0,38.095746994018555,,
DE_Neum_FWD,quantum,0.0023918108746079055,0.0,0.004671458479911213,0.0,0.004820357542484999,0.0,2773.643869161606,,
DE_Rob_FWD,classical,8.559545105360496e-05,0.0,7.188331027547384e-05,0.0,0.0002838648797478527,0.0,125.68776392936707,,
DE_Rob_FWD,quantum,0.00044364087481106243,0.0,0.00036162601907979664,0.0,0.0011559556005522609,0.0,7174.158020973206,,
DE_Dir_INV,classical,0.0003530212723652809,0.0,0.0007127786423824548,0.0,0.0013602001511025294,0.0,36.98256015777588,3.142015086968902e-05,
DE_Dir_INV,quantum,0.000500962472149319,0.0,0.0010031240011465245,0.0,0.0015823216308473124,0.0,3016.9174931049347,4.5007529181906314e-05,
DE_Neum_INV,classical,0.00016071341009527137,0.0,0.0003500028809521737,0.0,0.0006020436407936161,0.0,37.731770038604736,9.941841480634594e-06,
DE_Neum_INV,quantum,0.0011775668117155753,0.0,0.0024850448462936333,0.0,0.003076827595334153,0.0,3616.174539089203,1.6520835249861365e-05,
DE_Rob_INV,classical,7.63919435839641e-05,0.0,6.966883438356331e-05,0.0,0.00022760199033924387,0.0,130.778990983963,2.4741056094262914e-06,
DE_Rob_INV,quantum,0.0003440323364523966,0.0,0.0002872752011765154,0.0,0.0010538218146148451,0.0,28312.991801023483,3.639663263513282e-06,
