scenario,model,mae_mean,mae_std,l2_mean,l2_std,pde_mean,pde_std,time_mean,kz_mean,kz_std
DE_Dir_FWD,classical,0.00023096997980760444,0.0,0.00046431592427761904,0.0,0.0010579220252111554,0.0,31.920103311538696,,
DE_Dir_FWD,quantum,0.00034005352514912746,0.0,0.000689566774619223,0.0,0.0011559610720723867,0.0,2440.81973028183,,
DE_Neum_FWD,classical,0.00016646056914560757,0.0,0.00035258613067571905,0.0,0.0006466592312790453,0.0,38.42360520362854,,
DE_Neum_FWD,quantum,0.002388837904697156,0.0,0.004665823564889316,0.0,0.00481500755995512,0.0,2558.894241809845,,
DE_Rob_FWD,classical,8.964219614308446e-05,0.0,7.382564851994129e-05,0.0,0.0002871126926038414,0.0,128.33273553848267,,
DE_Rob_FWD,quantum,0.000383822372475497,0.0,0.00031559862397798603,0.0,0.0011569996131584048,0.0,6794.476553916931,,
DE_Dir_INV,classical,0.0002871152301793148,0.0,0.0005723845263116125,0.0,0.0011966085388652858,0.0,39.074503660202026,8.160407493448818e-06,
DE_Dir_INV,quantum,0.000499938905257347,0.0,0.0010012059641670184,0.0,0.0015802237694680147,0.0,2694.2748878002167,4.4820299916641104e-05,
DE_Neum_INV,classical,0.0002488169832556533,0.0,0.0005022093609842861,0.0,0.0008270559071851938,0.0,35.62305164337158,2.5559627656893125e-05,
DE_Neum_INV,quantum,0.0011767618431008603,0.0,0.002483391453614985,0.0,0.0030737964709339717,0.0,2823.2096128463745,1.6691751359890206e-05,
DE_Rob_INV,classical,8.661485486391835e-05,0.0,7.59648995012055e-05,0.0,0.0002586666354158508,0.0,133.24249267578125,6.4553689060886654e-09,
DE_Rob_INV,quantum,0.0002896304724214235,0.0,0.0002460017329903341,0.0,0.0010512653589685832,0.0,11893.842009067535,3.625100140479398e-06,
